[
{
  "model": "admin.logentry",
  "pk": 1,
  "fields": {
    "action_time": "2025-08-16T12:55:12.117Z",
    "user": 1,
    "content_type": 11,
    "object_id": "2",
    "object_repr": "Calculus",
    "action_flag": 1,
    "change_message": "[{\"added\": {}}]"
  }
},
{
  "model": "admin.logentry",
  "pk": 2,
  "fields": {
    "action_time": "2025-08-16T12:55:19.006Z",
    "user": 1,
    "content_type": 11,
    "object_id": "3",
    "object_repr": "Statistics",
    "action_flag": 1,
    "change_message": "[{\"added\": {}}]"
  }
},
{
  "model": "admin.logentry",
  "pk": 3,
  "fields": {
    "action_time": "2025-08-16T13:01:13.360Z",
    "user": 1,
    "content_type": 9,
    "object_id": "2",
    "object_repr": "Q2 v1",
    "action_flag": 1,
    "change_message": "[{\"added\": {}}]"
  }
},
{
  "model": "admin.logentry",
  "pk": 4,
  "fields": {
    "action_time": "2025-08-16T13:01:27.276Z",
    "user": 1,
    "content_type": 9,
    "object_id": "2",
    "object_repr": "Q2 v1",
    "action_flag": 2,
    "change_message": "[]"
  }
},
{
  "model": "auth.user",
  "pk": 1,
  "fields": {
    "password": "pbkdf2_sha256$1000000$Mzez987nFbRqWLCRITZC96$4ztpdhOBZFAyrbZf4OxwSelE+eziyssTYaOL52TvulQ=",
    "last_login": "2025-08-17T08:30:37.691Z",
    "is_superuser": true,
    "username": "dongillee",
    "first_name": "",
    "last_name": "",
    "email": "ummathecon@gmail.com",
    "is_staff": true,
    "is_active": true,
    "date_joined": "2025-08-16T08:48:29.289Z",
    "groups": [],
    "user_permissions": []
  }
},
{
  "model": "auth.user",
  "pk": 2,
  "fields": {
    "password": "pbkdf2_sha256$1000000$s8dqi8ZFiQOLLeE1pOEY7y$R/nQjM5u1PGOlCKciC6WAWgIVW9Q3N7QDJYWBgmbJkk=",
    "last_login": "2025-08-17T08:30:59.474Z",
    "is_superuser": false,
    "username": "student1",
    "first_name": "",
    "last_name": "",
    "email": "",
    "is_staff": false,
    "is_active": true,
    "date_joined": "2025-08-17T03:46:06.217Z",
    "groups": [],
    "user_permissions": []
  }
},
{
  "model": "auth.user",
  "pk": 3,
  "fields": {
    "password": "pbkdf2_sha256$1000000$tykliUITZbbCicHyo6pAXT$oGhYunyWrvXjw+y2IWkMvfy4RpGaFpWADQqv83W6EYM=",
    "last_login": "2025-08-17T04:11:20.565Z",
    "is_superuser": false,
    "username": "student2",
    "first_name": "",
    "last_name": "",
    "email": "",
    "is_staff": false,
    "is_active": true,
    "date_joined": "2025-08-17T04:03:18.192Z",
    "groups": [],
    "user_permissions": []
  }
},
{
  "model": "auth.user",
  "pk": 4,
  "fields": {
    "password": "pbkdf2_sha256$1000000$tNaNqDlfWMmUGL90NTAHEC$BIgLRjYiTGk8LyFDqETzOW8Mt9hNYLycWozCQNscmSU=",
    "last_login": "2025-08-17T05:19:01.534Z",
    "is_superuser": false,
    "username": "student3",
    "first_name": "John",
    "last_name": "Doe",
    "email": "ummathecon@gmail.com",
    "is_staff": false,
    "is_active": true,
    "date_joined": "2025-08-17T05:19:01.239Z",
    "groups": [],
    "user_permissions": []
  }
},
{
  "model": "practice.tag",
  "pk": 1,
  "fields": {
    "name": "derivative-basics",
    "parent": null
  }
},
{
  "model": "practice.tag",
  "pk": 2,
  "fields": {
    "name": "Calculus",
    "parent": null
  }
},
{
  "model": "practice.tag",
  "pk": 3,
  "fields": {
    "name": "Statistics",
    "parent": null
  }
},
{
  "model": "practice.question",
  "pk": 1,
  "fields": {
    "stem_md": "What is d/dx of x^2?",
    "type": "mcq",
    "choices": {
      "A": "2x",
      "B": "x",
      "C": "2",
      "D": "x^3"
    },
    "correct": {
      "choice": "A"
    },
    "version": 1,
    "diagnostic_keys": null,
    "created_by": null,
    "created_at": "2025-08-16T09:59:51.792Z",
    "tags": [
      1
    ]
  }
},
{
  "model": "practice.question",
  "pk": 2,
  "fields": {
    "stem_md": "The slope of the curve $y^{3}-xy^{2}=4$ at the point where $y=2$ is",
    "type": "mcq",
    "choices": {
      "A": "$-2$",
      "B": "$-\\dfrac{1}{2}$",
      "C": "$\\dfrac{1}{2}$",
      "D": "$2$"
    },
    "correct": {
      "choice": "C"
    },
    "version": 1,
    "diagnostic_keys": null,
    "created_by": 1,
    "created_at": "2025-08-16T12:55:44Z",
    "tags": [
      2
    ]
  }
},
{
  "model": "practice.attempt",
  "pk": 1,
  "fields": {
    "assignment_title": "Practice",
    "student": 1,
    "started_at": "2025-08-16T09:58:02.963Z",
    "completed_at": null
  }
},
{
  "model": "practice.attempt",
  "pk": 2,
  "fields": {
    "assignment_title": "Practice",
    "student": 1,
    "started_at": "2025-08-16T13:02:24.939Z",
    "completed_at": null
  }
},
{
  "model": "practice.attempt",
  "pk": 3,
  "fields": {
    "assignment_title": "Practice",
    "student": 1,
    "started_at": "2025-08-16T13:02:33.879Z",
    "completed_at": null
  }
},
{
  "model": "practice.attempt",
  "pk": 4,
  "fields": {
    "assignment_title": "Practice",
    "student": 1,
    "started_at": "2025-08-16T13:02:34.403Z",
    "completed_at": null
  }
},
{
  "model": "practice.attempt",
  "pk": 5,
  "fields": {
    "assignment_title": "Practice",
    "student": 1,
    "started_at": "2025-08-16T13:02:38.312Z",
    "completed_at": null
  }
},
{
  "model": "practice.attempt",
  "pk": 6,
  "fields": {
    "assignment_title": "Practice",
    "student": 1,
    "started_at": "2025-08-16T13:03:27.052Z",
    "completed_at": null
  }
},
{
  "model": "practice.attempt",
  "pk": 7,
  "fields": {
    "assignment_title": "Practice",
    "student": 1,
    "started_at": "2025-08-16T13:05:00.907Z",
    "completed_at": null
  }
},
{
  "model": "practice.attempt",
  "pk": 8,
  "fields": {
    "assignment_title": "Practice",
    "student": 1,
    "started_at": "2025-08-16T13:05:02.915Z",
    "completed_at": null
  }
},
{
  "model": "practice.attempt",
  "pk": 9,
  "fields": {
    "assignment_title": "Practice",
    "student": 1,
    "started_at": "2025-08-16T13:05:43.020Z",
    "completed_at": null
  }
},
{
  "model": "practice.attempt",
  "pk": 10,
  "fields": {
    "assignment_title": "Practice",
    "student": 1,
    "started_at": "2025-08-16T13:07:36.816Z",
    "completed_at": null
  }
},
{
  "model": "practice.attempt",
  "pk": 11,
  "fields": {
    "assignment_title": "Practice",
    "student": 1,
    "started_at": "2025-08-16T13:24:59.250Z",
    "completed_at": null
  }
},
{
  "model": "practice.attempt",
  "pk": 12,
  "fields": {
    "assignment_title": "Practice",
    "student": 1,
    "started_at": "2025-08-16T13:25:08.075Z",
    "completed_at": null
  }
},
{
  "model": "practice.attempt",
  "pk": 13,
  "fields": {
    "assignment_title": "Practice",
    "student": 1,
    "started_at": "2025-08-16T13:30:49.834Z",
    "completed_at": null
  }
},
{
  "model": "practice.attempt",
  "pk": 14,
  "fields": {
    "assignment_title": "Practice",
    "student": 1,
    "started_at": "2025-08-16T13:31:05.028Z",
    "completed_at": null
  }
},
{
  "model": "practice.attempt",
  "pk": 15,
  "fields": {
    "assignment_title": "Practice",
    "student": 1,
    "started_at": "2025-08-17T02:27:53.681Z",
    "completed_at": null
  }
},
{
  "model": "practice.attempt",
  "pk": 16,
  "fields": {
    "assignment_title": "Practice",
    "student": 1,
    "started_at": "2025-08-17T03:19:33.867Z",
    "completed_at": null
  }
},
{
  "model": "practice.attempt",
  "pk": 17,
  "fields": {
    "assignment_title": "Practice",
    "student": 2,
    "started_at": "2025-08-17T03:46:12.276Z",
    "completed_at": null
  }
},
{
  "model": "practice.attempt",
  "pk": 18,
  "fields": {
    "assignment_title": "Practice",
    "student": 4,
    "started_at": "2025-08-17T05:19:22.590Z",
    "completed_at": null
  }
},
{
  "model": "practice.attempt",
  "pk": 19,
  "fields": {
    "assignment_title": "Practice",
    "student": 2,
    "started_at": "2025-08-17T07:23:25.983Z",
    "completed_at": null
  }
},
{
  "model": "practice.attempt",
  "pk": 20,
  "fields": {
    "assignment_title": "Practice",
    "student": 2,
    "started_at": "2025-08-17T07:24:31.964Z",
    "completed_at": null
  }
},
{
  "model": "practice.attempt",
  "pk": 21,
  "fields": {
    "assignment_title": "Practice",
    "student": 2,
    "started_at": "2025-08-17T07:26:54.649Z",
    "completed_at": null
  }
},
{
  "model": "practice.attempt",
  "pk": 22,
  "fields": {
    "assignment_title": "Practice",
    "student": 2,
    "started_at": "2025-08-17T08:31:05.007Z",
    "completed_at": null
  }
},
{
  "model": "practice.attemptitem",
  "pk": 1,
  "fields": {
    "attempt": 1,
    "student": 1,
    "question": 1,
    "question_version": 1,
    "submitted": {
      "choice": "B"
    },
    "is_correct": false,
    "tags_snapshot": [
      "derivative-basics"
    ],
    "diag_snapshot": [],
    "created_at": "2025-08-16T10:01:19.083Z"
  }
},
{
  "model": "practice.attemptitem",
  "pk": 2,
  "fields": {
    "attempt": 1,
    "student": 1,
    "question": 1,
    "question_version": 1,
    "submitted": {
      "choice": "A"
    },
    "is_correct": true,
    "tags_snapshot": [
      "derivative-basics"
    ],
    "diag_snapshot": [],
    "created_at": "2025-08-16T10:01:35.871Z"
  }
},
{
  "model": "practice.attemptitem",
  "pk": 3,
  "fields": {
    "attempt": 1,
    "student": 1,
    "question": 1,
    "question_version": 1,
    "submitted": {
      "choice": "B"
    },
    "is_correct": false,
    "tags_snapshot": [
      "derivative-basics"
    ],
    "diag_snapshot": [],
    "created_at": "2025-08-16T12:10:02.300Z"
  }
},
{
  "model": "practice.attemptitem",
  "pk": 4,
  "fields": {
    "attempt": 1,
    "student": 1,
    "question": 1,
    "question_version": 1,
    "submitted": {
      "choice": "B"
    },
    "is_correct": false,
    "tags_snapshot": [
      "derivative-basics"
    ],
    "diag_snapshot": [],
    "created_at": "2025-08-16T12:16:05.771Z"
  }
},
{
  "model": "practice.attemptitem",
  "pk": 5,
  "fields": {
    "attempt": 1,
    "student": 1,
    "question": 1,
    "question_version": 1,
    "submitted": {
      "choice": "B"
    },
    "is_correct": false,
    "tags_snapshot": [
      "derivative-basics"
    ],
    "diag_snapshot": [],
    "created_at": "2025-08-16T12:18:17.789Z"
  }
},
{
  "model": "practice.attemptitem",
  "pk": 6,
  "fields": {
    "attempt": 1,
    "student": 1,
    "question": 1,
    "question_version": 1,
    "submitted": {
      "choice": "B"
    },
    "is_correct": false,
    "tags_snapshot": [
      "derivative-basics"
    ],
    "diag_snapshot": [],
    "created_at": "2025-08-16T12:32:05.538Z"
  }
},
{
  "model": "practice.attemptitem",
  "pk": 7,
  "fields": {
    "attempt": 13,
    "student": 1,
    "question": 1,
    "question_version": 1,
    "submitted": {
      "choice": "A"
    },
    "is_correct": true,
    "tags_snapshot": [
      "derivative-basics"
    ],
    "diag_snapshot": [],
    "created_at": "2025-08-16T13:30:56.510Z"
  }
},
{
  "model": "practice.attemptitem",
  "pk": 8,
  "fields": {
    "attempt": 17,
    "student": 2,
    "question": 2,
    "question_version": 1,
    "submitted": {
      "choice": "A"
    },
    "is_correct": false,
    "tags_snapshot": [
      "Calculus"
    ],
    "diag_snapshot": [],
    "created_at": "2025-08-17T03:46:13.807Z"
  }
},
{
  "model": "practice.attemptitem",
  "pk": 9,
  "fields": {
    "attempt": 17,
    "student": 2,
    "question": 2,
    "question_version": 1,
    "submitted": {
      "choice": "B"
    },
    "is_correct": false,
    "tags_snapshot": [
      "Calculus"
    ],
    "diag_snapshot": [],
    "created_at": "2025-08-17T03:46:23.646Z"
  }
},
{
  "model": "practice.attemptitem",
  "pk": 10,
  "fields": {
    "attempt": 17,
    "student": 2,
    "question": 2,
    "question_version": 1,
    "submitted": {
      "choice": "C"
    },
    "is_correct": true,
    "tags_snapshot": [
      "Calculus"
    ],
    "diag_snapshot": [],
    "created_at": "2025-08-17T03:46:26.156Z"
  }
},
{
  "model": "practice.attemptitem",
  "pk": 11,
  "fields": {
    "attempt": 18,
    "student": 4,
    "question": 2,
    "question_version": 1,
    "submitted": {
      "choice": "B"
    },
    "is_correct": false,
    "tags_snapshot": [
      "Calculus"
    ],
    "diag_snapshot": [],
    "created_at": "2025-08-17T05:19:23.932Z"
  }
},
{
  "model": "practice.attemptitem",
  "pk": 12,
  "fields": {
    "attempt": 19,
    "student": 2,
    "question": 2,
    "question_version": 1,
    "submitted": {
      "choice": "A"
    },
    "is_correct": false,
    "tags_snapshot": [
      "Calculus"
    ],
    "diag_snapshot": [],
    "created_at": "2025-08-17T07:23:27.838Z"
  }
},
{
  "model": "practice.attemptitem",
  "pk": 13,
  "fields": {
    "attempt": 20,
    "student": 2,
    "question": 2,
    "question_version": 1,
    "submitted": {
      "choice": "A"
    },
    "is_correct": false,
    "tags_snapshot": [
      "Calculus"
    ],
    "diag_snapshot": [],
    "created_at": "2025-08-17T07:24:34.125Z"
  }
},
{
  "model": "practice.attemptitem",
  "pk": 14,
  "fields": {
    "attempt": 21,
    "student": 2,
    "question": 2,
    "question_version": 1,
    "submitted": {
      "choice": "A"
    },
    "is_correct": false,
    "tags_snapshot": [
      "Calculus"
    ],
    "diag_snapshot": [],
    "created_at": "2025-08-17T07:26:56.311Z"
  }
},
{
  "model": "practice.attemptitem",
  "pk": 15,
  "fields": {
    "attempt": 22,
    "student": 2,
    "question": 2,
    "question_version": 1,
    "submitted": {
      "choice": "A"
    },
    "is_correct": false,
    "tags_snapshot": [
      "Calculus"
    ],
    "diag_snapshot": [],
    "created_at": "2025-08-17T08:31:16.511Z"
  }
},
{
  "model": "practice.studentprofile",
  "pk": 1,
  "fields": {
    "user": 3,
    "sid": "S000003",
    "date_of_birth": null,
    "grade": "",
    "created_at": "2025-08-17T04:03:18.457Z"
  }
},
{
  "model": "practice.studentprofile",
  "pk": 2,
  "fields": {
    "user": 4,
    "sid": "S000004",
    "date_of_birth": null,
    "grade": "",
    "created_at": "2025-08-17T05:19:01.532Z"
  }
}
]
