,date,time,open,high,low,close,volume,ts,HH,HL,LH,LL
0,2021-07-22,00:00:00,21.0,22.8937,20.88,21.59,2545378,2021-07-22 00:00:00+00:00,0.0,0.0,0.0,0.0
1,2021-07-23,00:00:00,22.0,24.0,21.5,22.89,664306,2021-07-23 00:00:00+00:00,0.0,0.0,0.0,0.0
2,2021-07-26,00:00:00,23.2,24.81,23.0001,23.49,642508,2021-07-26 00:00:00+00:00,0.0,0.0,0.0,0.0
3,2021-07-27,00:00:00,23.63,23.7774,22.0,23.2,584254,2021-07-27 00:00:00+00:00,0.0,0.0,0.0,0.0
4,2021-07-28,00:00:00,23.1,24.75,22.85,24.5,1213535,2021-07-28 00:00:00+00:00,0.0,0.0,0.0,0.0
5,2021-07-29,00:00:00,25.04,29.21,24.93,28.54,378061,2021-07-29 00:00:00+00:00,0.0,0.0,0.0,0.0
6,2021-07-30,00:00:00,29.42,29.5819,27.26,28.48,201256,2021-07-30 00:00:00+00:00,0.0,0.0,0.0,0.0
7,2021-08-02,00:00:00,28.76,29.98,28.76,29.29,306646,2021-08-02 00:00:00+00:00,0.0,0.0,0.0,0.0
8,2021-08-03,00:00:00,29.5,31.39,29.0001,30.29,212896,2021-08-03 00:00:00+00:00,0.0,0.0,0.0,0.0
9,2021-08-04,00:00:00,31.5301,31.5301,24.88,25.2,509893,2021-08-04 00:00:00+00:00,0.0,0.0,0.0,0.0
10,2021-08-05,00:00:00,24.83,26.73,23.7,26.04,309975,2021-08-05 00:00:00+00:00,0.0,0.0,0.0,0.0
11,2021-08-06,00:00:00,25.83,27.3,25.4,26.85,185171,2021-08-06 00:00:00+00:00,0.0,0.0,0.0,0.0
12,2021-08-09,00:00:00,27.24,28.28,26.75,27.55,231992,2021-08-09 00:00:00+00:00,0.0,0.0,0.0,0.0
13,2021-08-10,00:00:00,27.36,27.84,26.0264,26.57,224833,2021-08-10 00:00:00+00:00,0.0,0.0,0.0,0.0
14,2021-08-11,00:00:00,26.79,26.79,23.72,23.82,191049,2021-08-11 00:00:00+00:00,0.0,0.0,0.0,0.0
15,2021-08-12,00:00:00,24.07,26.0,23.69,23.85,242131,2021-08-12 00:00:00+00:00,0.0,0.0,0.0,0.0
16,2021-08-13,00:00:00,23.97,25.39,23.6501,25.01,336368,2021-08-13 00:00:00+00:00,0.0,0.0,0.0,0.0
17,2021-08-16,00:00:00,24.5,24.51,19.8,21.09,696893,2021-08-16 00:00:00+00:00,0.0,0.0,0.0,0.0
18,2021-08-17,00:00:00,20.97,22.665,19.35,19.5,551675,2021-08-17 00:00:00+00:00,0.0,0.0,0.0,0.0
19,2021-08-18,00:00:00,19.17,21.08,19.0301,20.52,263727,2021-08-18 00:00:00+00:00,0.0,0.0,0.0,0.0
20,2021-08-19,00:00:00,20.38,21.29,20.0,20.5,374760,2021-08-19 00:00:00+00:00,0.0,0.0,0.0,0.0
21,2021-08-20,00:00:00,20.67,23.125,20.01,22.52,219432,2021-08-20 00:00:00+00:00,0.0,0.0,0.0,0.0
22,2021-08-23,00:00:00,22.78,23.62,22.09,22.39,207479,2021-08-23 00:00:00+00:00,0.0,0.0,0.0,0.0
23,2021-08-24,00:00:00,22.17,23.28,22.056,22.62,166545,2021-08-24 00:00:00+00:00,0.0,0.0,0.0,0.0
24,2021-08-25,00:00:00,22.48,22.48,19.85,19.85,221097,2021-08-25 00:00:00+00:00,0.0,0.0,0.0,0.0
25,2021-08-26,00:00:00,19.99,21.8,19.9517,21.57,256602,2021-08-26 00:00:00+00:00,0.0,0.0,0.0,0.0
26,2021-08-27,00:00:00,21.44,21.93,19.79,19.8,166863,2021-08-27 00:00:00+00:00,0.0,0.0,0.0,0.0
27,2021-08-30,00:00:00,19.85,20.395,17.0001,18.21,407924,2021-08-30 00:00:00+00:00,0.0,0.0,0.0,0.0
28,2021-08-31,00:00:00,18.41,19.64,18.27,18.78,212085,2021-08-31 00:00:00+00:00,0.0,0.0,0.0,0.0
29,2021-09-01,00:00:00,18.94,19.389,18.17,18.88,223925,2021-09-01 00:00:00+00:00,0.0,0.0,0.0,0.0
30,2021-09-02,00:00:00,19.07,19.59,18.675,19.41,95349,2021-09-02 00:00:00+00:00,0.0,0.0,0.0,0.0
31,2021-09-03,00:00:00,19.32,20.44,19.01,20.08,114441,2021-09-03 00:00:00+00:00,0.0,0.0,0.0,0.0
32,2021-09-07,00:00:00,20.03,20.94,17.05,17.25,476268,2021-09-07 00:00:00+00:00,0.0,0.0,0.0,0.0
33,2021-09-08,00:00:00,17.21,17.38,14.09,14.28,645466,2021-09-08 00:00:00+00:00,0.0,0.0,0.0,0.0
34,2021-09-09,00:00:00,14.5,14.7,13.6828,14.3,348225,2021-09-09 00:00:00+00:00,0.0,0.0,0.0,0.0
35,2021-09-10,00:00:00,14.27,14.53,13.69,14.04,231037,2021-09-10 00:00:00+00:00,0.0,0.0,0.0,0.0
36,2021-09-13,00:00:00,14.01,14.37,13.751,14.22,176613,2021-09-13 00:00:00+00:00,0.0,0.0,0.0,0.0
37,2021-09-14,00:00:00,14.32,14.78,13.82,14.22,276211,2021-09-14 00:00:00+00:00,0.0,0.0,0.0,0.0
38,2021-09-15,00:00:00,14.31,14.95,13.91,13.97,322230,2021-09-15 00:00:00+00:00,0.0,0.0,0.0,0.0
39,2021-09-16,00:00:00,14.0,14.29,12.27,12.64,392860,2021-09-16 00:00:00+00:00,0.0,0.0,0.0,0.0
40,2021-09-17,00:00:00,13.2,13.2,11.67,11.97,1929759,2021-09-17 00:00:00+00:00,0.0,0.0,0.0,0.0
41,2021-09-20,00:00:00,11.72,11.84,10.315,10.97,521387,2021-09-20 00:00:00+00:00,0.0,0.0,0.0,0.0
42,2021-09-21,00:00:00,11.11,11.18,10.21,10.37,345447,2021-09-21 00:00:00+00:00,0.0,0.0,0.0,0.0
43,2021-09-22,00:00:00,10.39,11.59,10.175,11.12,299822,2021-09-22 00:00:00+00:00,0.0,0.0,0.0,0.0
44,2021-09-23,00:00:00,11.1,11.625,10.92,11.46,168319,2021-09-23 00:00:00+00:00,0.0,0.0,0.0,0.0
45,2021-09-24,00:00:00,11.26,11.55,11.08,11.31,229214,2021-09-24 00:00:00+00:00,0.0,0.0,0.0,0.0
46,2021-09-27,00:00:00,11.21,11.89,10.8,11.68,285866,2021-09-27 00:00:00+00:00,0.0,0.0,0.0,0.0
47,2021-09-28,00:00:00,11.51,11.8,10.51,10.88,383806,2021-09-28 00:00:00+00:00,0.0,0.0,0.0,0.0
48,2021-09-29,00:00:00,11.0,11.85,10.9,11.48,253579,2021-09-29 00:00:00+00:00,0.0,0.0,0.0,0.0
49,2021-09-30,00:00:00,11.57,12.24,11.5059,11.63,207019,2021-09-30 00:00:00+00:00,0.0,0.0,0.0,0.0
50,2021-10-01,00:00:00,11.73,12.485,11.11,12.42,355844,2021-10-01 00:00:00+00:00,0.0,0.0,0.0,0.0
51,2021-10-04,00:00:00,12.31,12.71,10.71,10.88,458002,2021-10-04 00:00:00+00:00,0.0,0.0,0.0,0.0
52,2021-10-05,00:00:00,10.89,11.31,10.4,11.03,448957,2021-10-05 00:00:00+00:00,0.0,0.0,0.0,0.0
53,2021-10-06,00:00:00,10.89,11.905,10.42,11.54,101618,2021-10-06 00:00:00+00:00,0.0,0.0,0.0,0.0
54,2021-10-07,00:00:00,11.67,12.49,10.65,10.76,329422,2021-10-07 00:00:00+00:00,0.0,0.0,0.0,0.0
55,2021-10-08,00:00:00,10.81,11.59,10.01,10.03,140371,2021-10-08 00:00:00+00:00,0.0,0.0,0.0,0.0
56,2021-10-11,00:00:00,10.16,10.45,9.62,9.95,170566,2021-10-11 00:00:00+00:00,0.0,0.0,0.0,0.0
57,2021-10-12,00:00:00,10.04,10.3399,9.62,10.01,99797,2021-10-12 00:00:00+00:00,0.0,0.0,0.0,0.0
58,2021-10-13,00:00:00,10.14,11.005,10.14,10.42,113622,2021-10-13 00:00:00+00:00,0.0,0.0,0.0,0.0
59,2021-10-14,00:00:00,10.59,11.1467,10.42,10.59,68290,2021-10-14 00:00:00+00:00,0.0,0.0,0.0,0.0
60,2021-10-15,00:00:00,10.98,11.28,10.32,10.63,62721,2021-10-15 00:00:00+00:00,0.0,0.0,0.0,0.0
61,2021-10-18,00:00:00,10.5,11.155,10.2159,10.91,114703,2021-10-18 00:00:00+00:00,0.0,0.0,0.0,0.0
62,2021-10-19,00:00:00,10.81,11.825,10.81,11.64,173181,2021-10-19 00:00:00+00:00,0.0,0.0,0.0,0.0
63,2021-10-20,00:00:00,11.84,11.84,11.01,11.19,112134,2021-10-20 00:00:00+00:00,0.0,0.0,0.0,0.0
64,2021-10-21,00:00:00,11.13,11.99,10.8,11.86,109125,2021-10-21 00:00:00+00:00,0.0,0.0,0.0,0.0
65,2021-10-22,00:00:00,11.78,12.43,11.41,11.65,124540,2021-10-22 00:00:00+00:00,0.0,0.0,0.0,0.0
66,2021-10-25,00:00:00,11.51,12.1653,11.36,11.82,80376,2021-10-25 00:00:00+00:00,0.0,0.0,0.0,0.0
67,2021-10-26,00:00:00,11.84,13.0799,11.48,12.91,187805,2021-10-26 00:00:00+00:00,0.0,0.0,0.0,0.0
68,2021-10-27,00:00:00,12.69,14.34,12.69,13.83,315862,2021-10-27 00:00:00+00:00,0.0,0.0,0.0,0.0
69,2021-10-28,00:00:00,13.93,14.5,13.21,14.3,134951,2021-10-28 00:00:00+00:00,0.0,0.0,0.0,0.0
70,2021-10-29,00:00:00,14.15,14.9,13.95,14.67,143137,2021-10-29 00:00:00+00:00,0.0,0.0,0.0,0.0
71,2021-11-01,00:00:00,14.8,15.7494,14.54,15.55,134903,2021-11-01 00:00:00+00:00,0.0,0.0,0.0,0.0
72,2021-11-02,00:00:00,15.53,16.4493,15.29,16.17,128244,2021-11-02 00:00:00+00:00,0.0,0.0,0.0,0.0
73,2021-11-03,00:00:00,16.17,17.34,15.13,17.27,177580,2021-11-03 00:00:00+00:00,0.0,0.0,0.0,0.0
74,2021-11-04,00:00:00,17.27,17.525,16.33,17.02,143212,2021-11-04 00:00:00+00:00,0.0,0.0,0.0,0.0
75,2021-11-05,00:00:00,17.17,17.24,16.31,16.88,86269,2021-11-05 00:00:00+00:00,0.0,0.0,0.0,0.0
76,2021-11-08,00:00:00,17.11,18.12,16.49,18.03,253305,2021-11-08 00:00:00+00:00,0.0,0.0,0.0,0.0
77,2021-11-09,00:00:00,16.13,17.0,13.33,14.23,447249,2021-11-09 00:00:00+00:00,0.0,0.0,0.0,0.0
78,2021-11-10,00:00:00,13.21,13.39,10.68,12.89,731033,2021-11-10 00:00:00+00:00,0.0,0.0,0.0,0.0
79,2021-11-11,00:00:00,13.09,13.349,12.3001,12.96,239226,2021-11-11 00:00:00+00:00,0.0,0.0,0.0,0.0
80,2021-11-12,00:00:00,12.9,12.9,11.05,11.18,271878,2021-11-12 00:00:00+00:00,0.0,0.0,0.0,0.0
81,2021-11-15,00:00:00,11.41,11.41,10.75,11.33,255520,2021-11-15 00:00:00+00:00,0.0,0.0,0.0,0.0
82,2021-11-16,00:00:00,11.08,12.15,11.0605,12.07,172597,2021-11-16 00:00:00+00:00,0.0,0.0,0.0,0.0
83,2021-11-17,00:00:00,12.14,12.61,12.065,12.34,155100,2021-11-17 00:00:00+00:00,0.0,0.0,0.0,0.0
84,2021-11-18,00:00:00,12.36,12.38,11.01,11.07,200467,2021-11-18 00:00:00+00:00,0.0,0.0,0.0,0.0
85,2021-11-19,00:00:00,11.06,11.318,10.96,11.05,123049,2021-11-19 00:00:00+00:00,0.0,0.0,0.0,0.0
86,2021-11-22,00:00:00,11.18,11.53,10.33,10.5,205829,2021-11-22 00:00:00+00:00,0.0,0.0,0.0,0.0
87,2021-11-23,00:00:00,10.41,10.96,10.26,10.75,158480,2021-11-23 00:00:00+00:00,0.0,0.0,0.0,0.0
88,2021-11-24,00:00:00,10.88,11.3,10.02,11.24,128264,2021-11-24 00:00:00+00:00,0.0,0.0,0.0,0.0
89,2021-11-26,00:00:00,11.12,11.46,10.65,11.01,102012,2021-11-26 00:00:00+00:00,0.0,0.0,0.0,0.0
90,2021-11-29,00:00:00,11.41,11.43,10.5,11.02,223701,2021-11-29 00:00:00+00:00,0.0,0.0,0.0,0.0
91,2021-11-30,00:00:00,11.15,11.38,10.05,10.55,141774,2021-11-30 00:00:00+00:00,0.0,0.0,0.0,0.0
92,2021-12-01,00:00:00,10.78,11.58,10.46,10.49,148414,2021-12-01 00:00:00+00:00,0.0,0.0,0.0,0.0
93,2021-12-02,00:00:00,10.49,10.93,10.03,10.56,188141,2021-12-02 00:00:00+00:00,0.0,0.0,0.0,0.0
94,2021-12-03,00:00:00,10.61,11.0,9.671,9.86,216993,2021-12-03 00:00:00+00:00,0.0,0.0,0.0,0.0
95,2021-12-06,00:00:00,9.96,10.5799,9.3,10.24,302068,2021-12-06 00:00:00+00:00,0.0,0.0,0.0,0.0
96,2021-12-07,00:00:00,10.5,11.53,10.25,11.01,149667,2021-12-07 00:00:00+00:00,0.0,0.0,0.0,0.0
97,2021-12-08,00:00:00,10.94,11.91,10.59,11.49,150949,2021-12-08 00:00:00+00:00,0.0,0.0,0.0,0.0
98,2021-12-09,00:00:00,11.34,11.705,10.421,10.56,160939,2021-12-09 00:00:00+00:00,0.0,0.0,0.0,0.0
99,2021-12-10,00:00:00,10.62,11.105,9.96,10.18,131477,2021-12-10 00:00:00+00:00,0.0,0.0,0.0,0.0
100,2021-12-13,00:00:00,10.2,10.81,10.04,10.5,170931,2021-12-13 00:00:00+00:00,0.0,0.0,0.0,0.0
101,2021-12-14,00:00:00,10.23,10.745,9.69,10.07,151453,2021-12-14 00:00:00+00:00,0.0,0.0,0.0,0.0
102,2021-12-15,00:00:00,10.14,10.37,9.31,10.18,277054,2021-12-15 00:00:00+00:00,0.0,0.0,0.0,0.0
103,2021-12-16,00:00:00,10.3,10.55,9.08,9.35,372869,2021-12-16 00:00:00+00:00,0.0,0.0,0.0,0.0
104,2021-12-17,00:00:00,9.18,10.2,9.0,9.48,1966009,2021-12-17 00:00:00+00:00,0.0,0.0,0.0,0.0
105,2021-12-20,00:00:00,9.5,9.68,8.65,8.98,441160,2021-12-20 00:00:00+00:00,0.0,0.0,0.0,0.0
106,2021-12-21,00:00:00,9.12,9.295,8.41,9.06,486850,2021-12-21 00:00:00+00:00,0.0,0.0,0.0,0.0
107,2021-12-22,00:00:00,9.1,9.21,8.68,8.81,351150,2021-12-22 00:00:00+00:00,0.0,0.0,0.0,0.0
108,2021-12-23,00:00:00,8.81,8.89,8.45,8.67,352670,2021-12-23 00:00:00+00:00,0.0,0.0,0.0,0.0
109,2021-12-27,00:00:00,9.06,9.06,8.22,8.29,172113,2021-12-27 00:00:00+00:00,0.0,0.0,0.0,0.0
110,2021-12-28,00:00:00,8.36,8.36,7.8,8.1,266913,2021-12-28 00:00:00+00:00,0.0,0.0,0.0,0.0
111,2021-12-29,00:00:00,8.08,8.09,7.6005,7.88,197942,2021-12-29 00:00:00+00:00,0.0,0.0,0.0,0.0
112,2021-12-30,00:00:00,7.94,9.389,7.8803,8.6,444489,2021-12-30 00:00:00+00:00,0.0,0.0,0.0,0.0
113,2021-12-31,00:00:00,8.53,8.72,8.03,8.2,372212,2021-12-31 00:00:00+00:00,0.0,0.0,0.0,0.0
114,2022-01-03,00:00:00,8.24,8.66,7.9232,8.33,342598,2022-01-03 00:00:00+00:00,0.0,0.0,0.0,0.0
115,2022-01-04,00:00:00,8.45,8.57,7.5,7.71,316639,2022-01-04 00:00:00+00:00,0.0,0.0,0.0,0.0
116,2022-01-05,00:00:00,7.7,7.82,6.96,7.04,512107,2022-01-05 00:00:00+00:00,0.0,0.0,0.0,0.0
117,2022-01-06,00:00:00,7.01,7.045,6.12,6.14,632467,2022-01-06 00:00:00+00:00,0.0,0.0,0.0,0.0
118,2022-01-07,00:00:00,9.11,9.26,7.08,7.19,43862610,2022-01-07 00:00:00+00:00,0.0,0.0,0.0,0.0
119,2022-01-10,00:00:00,6.85,7.64,6.22,7.33,3793999,2022-01-10 00:00:00+00:00,0.0,0.0,0.0,0.0
120,2022-01-11,00:00:00,7.38,7.6698,7.05,7.57,1150494,2022-01-11 00:00:00+00:00,0.0,0.0,0.0,0.0
121,2022-01-12,00:00:00,7.47,7.57,7.2259,7.24,825754,2022-01-12 00:00:00+00:00,0.0,0.0,0.0,0.0
122,2022-01-13,00:00:00,7.2,7.38,6.71,6.74,954579,2022-01-13 00:00:00+00:00,0.0,0.0,0.0,0.0
123,2022-01-14,00:00:00,6.63,6.82,6.46,6.64,822371,2022-01-14 00:00:00+00:00,0.0,0.0,0.0,0.0
124,2022-01-18,00:00:00,6.53,6.99,6.44,6.61,977925,2022-01-18 00:00:00+00:00,0.0,0.0,0.0,0.0
125,2022-01-19,00:00:00,6.67,7.08,6.45,6.8,975159,2022-01-19 00:00:00+00:00,0.0,0.0,0.0,0.0
126,2022-01-20,00:00:00,7.23,7.89,7.07,7.14,1525504,2022-01-20 00:00:00+00:00,0.0,0.0,0.0,0.0
127,2022-01-21,00:00:00,7.02,7.4399,6.711,6.76,690173,2022-01-21 00:00:00+00:00,0.0,0.0,0.0,0.0
128,2022-01-24,00:00:00,6.52,6.87,6.25,6.64,1385978,2022-01-24 00:00:00+00:00,0.0,0.0,0.0,0.0
129,2022-01-25,00:00:00,6.63,6.63,6.22,6.44,2333318,2022-01-25 00:00:00+00:00,0.0,0.0,0.0,0.0
130,2022-01-26,00:00:00,6.5,6.88,6.43,6.49,913261,2022-01-26 00:00:00+00:00,0.0,0.0,0.0,0.0
131,2022-01-27,00:00:00,6.53,6.69,5.84,5.87,1148017,2022-01-27 00:00:00+00:00,0.0,0.0,0.0,0.0
132,2022-01-28,00:00:00,5.82,6.28,5.6301,6.26,523809,2022-01-28 00:00:00+00:00,0.0,0.0,0.0,0.0
133,2022-01-31,00:00:00,6.25,6.74,6.23,6.73,711741,2022-01-31 00:00:00+00:00,0.0,0.0,0.0,0.0
134,2022-02-01,00:00:00,7.05,7.27,6.67,7.24,883083,2022-02-01 00:00:00+00:00,0.0,0.0,0.0,0.0
135,2022-02-02,00:00:00,7.28,7.43,7.1,7.38,465977,2022-02-02 00:00:00+00:00,0.0,0.0,0.0,1.0
136,2022-02-03,00:00:00,7.12,7.3263,6.88,6.96,456493,2022-02-03 00:00:00+00:00,0.0,0.0,0.0,1.0
137,2022-02-04,00:00:00,6.95,7.33,6.7712,7.2,540074,2022-02-04 00:00:00+00:00,0.0,0.0,0.0,1.0
138,2022-02-07,00:00:00,7.19,7.57,7.18,7.38,584436,2022-02-07 00:00:00+00:00,0.0,0.0,0.0,1.0
139,2022-02-08,00:00:00,7.28,7.91,7.23,7.85,701284,2022-02-08 00:00:00+00:00,0.0,0.0,0.0,1.0
140,2022-02-09,00:00:00,7.91,8.605,7.82,8.58,715466,2022-02-09 00:00:00+00:00,0.0,0.0,0.0,1.0
141,2022-02-10,00:00:00,8.35,9.0781,8.24,8.95,874443,2022-02-10 00:00:00+00:00,0.0,0.0,0.0,1.0
142,2022-02-11,00:00:00,8.85,9.26,8.76,9.15,676479,2022-02-11 00:00:00+00:00,0.0,0.0,0.0,1.0
143,2022-02-14,00:00:00,9.01,9.32,8.57,8.78,512787,2022-02-14 00:00:00+00:00,0.0,0.0,0.0,1.0
144,2022-02-15,00:00:00,8.91,8.92,8.46,8.83,1418499,2022-02-15 00:00:00+00:00,0.0,0.0,0.0,1.0
145,2022-02-16,00:00:00,8.74,9.1,8.57,8.94,332296,2022-02-16 00:00:00+00:00,0.0,0.0,0.0,1.0
146,2022-02-17,00:00:00,8.92,9.005,8.63,8.66,290216,2022-02-17 00:00:00+00:00,0.0,0.0,0.0,1.0
147,2022-02-18,00:00:00,8.58,8.6437,7.79,8.275,621235,2022-02-18 00:00:00+00:00,0.0,0.0,0.0,1.0
148,2022-02-22,00:00:00,8.16,8.56,8.0999,8.39,502814,2022-02-22 00:00:00+00:00,0.0,0.0,0.0,1.0
149,2022-02-23,00:00:00,8.41,8.45,7.71,7.73,643823,2022-02-23 00:00:00+00:00,0.0,0.0,0.0,1.0
150,2022-02-24,00:00:00,7.04,8.74,6.8,8.705,664226,2022-02-24 00:00:00+00:00,0.0,0.0,0.0,1.0
151,2022-02-25,00:00:00,8.64,9.07,8.4162,9.06,466787,2022-02-25 00:00:00+00:00,0.0,0.0,0.0,1.0
152,2022-02-28,00:00:00,8.92,9.55,8.92,9.37,781285,2022-02-28 00:00:00+00:00,0.0,0.0,0.0,1.0
153,2022-03-01,00:00:00,9.27,9.59,9.03,9.28,433265,2022-03-01 00:00:00+00:00,0.0,0.0,0.0,1.0
154,2022-03-02,00:00:00,9.26,9.6192,9.1,9.46,448770,2022-03-02 00:00:00+00:00,0.0,0.0,0.0,1.0
155,2022-03-03,00:00:00,9.41,9.68,8.56,8.68,433383,2022-03-03 00:00:00+00:00,0.0,0.0,0.0,1.0
156,2022-03-04,00:00:00,8.64,8.86,8.43,8.58,507183,2022-03-04 00:00:00+00:00,0.0,0.0,0.0,1.0
157,2022-03-07,00:00:00,8.63,9.2,8.56,8.66,885444,2022-03-07 00:00:00+00:00,0.0,0.0,0.0,1.0
158,2022-03-08,00:00:00,8.66,8.76,8.1,8.1,570751,2022-03-08 00:00:00+00:00,0.0,0.0,0.0,1.0
159,2022-03-09,00:00:00,8.2,9.01,8.12,8.91,624917,2022-03-09 00:00:00+00:00,0.0,0.0,0.0,1.0
160,2022-03-10,00:00:00,8.7,9.15,8.54,9.01,513140,2022-03-10 00:00:00+00:00,0.0,0.0,0.0,1.0
161,2022-03-11,00:00:00,9.11,9.38,8.91,9.02,576907,2022-03-11 00:00:00+00:00,0.0,0.0,0.0,1.0
162,2022-03-14,00:00:00,8.97,9.1,7.4,7.48,943139,2022-03-14 00:00:00+00:00,0.0,0.0,0.0,1.0
163,2022-03-15,00:00:00,7.43,8.15,7.285,8.13,485913,2022-03-15 00:00:00+00:00,0.0,0.0,0.0,1.0
164,2022-03-16,00:00:00,8.2,9.07,8.14,8.45,1156677,2022-03-16 00:00:00+00:00,0.0,0.0,0.0,1.0
165,2022-03-17,00:00:00,8.4,8.93,8.4,8.87,981097,2022-03-17 00:00:00+00:00,0.0,0.0,0.0,1.0
166,2022-03-18,00:00:00,8.52,9.25,8.23,8.34,5514713,2022-03-18 00:00:00+00:00,0.0,0.0,0.0,1.0
167,2022-03-21,00:00:00,8.28,8.39,7.02,7.025,1246701,2022-03-21 00:00:00+00:00,0.0,0.0,0.0,1.0
168,2022-03-22,00:00:00,7.11,7.65,6.8704,7.48,1136063,2022-03-22 00:00:00+00:00,0.0,0.0,0.0,1.0
169,2022-03-23,00:00:00,7.45,7.64,6.52,7.53,1419472,2022-03-23 00:00:00+00:00,0.0,0.0,0.0,1.0
170,2022-03-24,00:00:00,7.58,8.35,7.49,8.33,631623,2022-03-24 00:00:00+00:00,0.0,0.0,0.0,1.0
171,2022-03-25,00:00:00,8.33,8.39,7.57,7.7,591595,2022-03-25 00:00:00+00:00,0.0,0.0,0.0,1.0
172,2022-03-28,00:00:00,7.72,7.92,7.375,7.59,237133,2022-03-28 00:00:00+00:00,0.0,0.0,0.0,1.0
173,2022-03-29,00:00:00,7.69,8.505,7.69,8.41,454145,2022-03-29 00:00:00+00:00,0.0,0.0,0.0,1.0
174,2022-03-30,00:00:00,8.27,8.98,8.27,8.48,317744,2022-03-30 00:00:00+00:00,0.0,0.0,0.0,1.0
175,2022-03-31,00:00:00,8.52,8.57,8.27,8.43,291013,2022-03-31 00:00:00+00:00,0.0,0.0,0.0,1.0
176,2022-04-01,00:00:00,8.58,8.84,8.31,8.82,352569,2022-04-01 00:00:00+00:00,0.0,0.0,0.0,1.0
177,2022-04-04,00:00:00,8.82,9.09,8.58,8.83,210672,2022-04-04 00:00:00+00:00,0.0,0.0,0.0,1.0
178,2022-04-05,00:00:00,8.79,8.94,8.245,8.29,215340,2022-04-05 00:00:00+00:00,0.0,0.0,0.0,1.0
179,2022-04-06,00:00:00,8.27,8.27,7.61,7.85,341547,2022-04-06 00:00:00+00:00,0.0,0.0,0.0,1.0
180,2022-04-07,00:00:00,8.0,8.0,7.37,7.64,259940,2022-04-07 00:00:00+00:00,0.0,0.0,0.0,1.0
181,2022-04-08,00:00:00,7.55,7.77,7.17,7.31,236403,2022-04-08 00:00:00+00:00,0.0,0.0,0.0,1.0
182,2022-04-11,00:00:00,7.21,7.47,6.94,7.22,259176,2022-04-11 00:00:00+00:00,0.0,0.0,0.0,1.0
183,2022-04-12,00:00:00,7.48,7.69,7.135,7.25,222643,2022-04-12 00:00:00+00:00,0.0,0.0,0.0,1.0
184,2022-04-13,00:00:00,7.26,7.72,7.12,7.69,228252,2022-04-13 00:00:00+00:00,0.0,0.0,0.0,1.0
185,2022-04-14,00:00:00,7.7,7.79,7.29,7.45,457843,2022-04-14 00:00:00+00:00,0.0,0.0,0.0,1.0
186,2022-04-18,00:00:00,7.38,7.567,7.14,7.44,158433,2022-04-18 00:00:00+00:00,0.0,0.0,0.0,1.0
187,2022-04-19,00:00:00,7.4,7.88,7.26,7.76,192844,2022-04-19 00:00:00+00:00,0.0,0.0,0.0,1.0
188,2022-04-20,00:00:00,7.67,8.03,7.51,7.86,258119,2022-04-20 00:00:00+00:00,0.0,0.0,0.0,1.0
189,2022-04-21,00:00:00,7.95,8.1,7.26,7.29,304501,2022-04-21 00:00:00+00:00,0.0,0.0,0.0,1.0
190,2022-04-22,00:00:00,7.16,7.365,6.97,7.17,165788,2022-04-22 00:00:00+00:00,0.0,0.0,0.0,1.0
191,2022-04-25,00:00:00,7.13,7.46,7.12,7.36,229254,2022-04-25 00:00:00+00:00,0.0,0.0,0.0,1.0
192,2022-04-26,00:00:00,7.42,7.42,6.51,6.53,265328,2022-04-26 00:00:00+00:00,0.0,0.0,0.0,1.0
193,2022-04-27,00:00:00,6.5,6.745,6.5,6.51,168167,2022-04-27 00:00:00+00:00,0.0,0.0,1.0,1.0
194,2022-04-28,00:00:00,6.58,6.68,6.04,6.2,549278,2022-04-28 00:00:00+00:00,0.0,0.0,1.0,1.0
195,2022-04-29,00:00:00,6.1,6.36,5.84,5.91,270188,2022-04-29 00:00:00+00:00,0.0,0.0,1.0,1.0
196,2022-05-02,00:00:00,5.87,6.07,5.69,6.07,369533,2022-05-02 00:00:00+00:00,0.0,0.0,1.0,1.0
197,2022-05-03,00:00:00,6.1,6.38,5.95,6.04,240063,2022-05-03 00:00:00+00:00,0.0,0.0,1.0,1.0
198,2022-05-04,00:00:00,6.03,6.03,5.62,5.85,891165,2022-05-04 00:00:00+00:00,0.0,0.0,1.0,1.0
199,2022-05-05,00:00:00,5.68,5.95,5.15,5.22,447472,2022-05-05 00:00:00+00:00,0.0,0.0,1.0,1.0
200,2022-05-06,00:00:00,5.15,5.15,4.62,4.87,474010,2022-05-06 00:00:00+00:00,0.0,0.0,1.0,1.0
201,2022-05-09,00:00:00,4.66,4.71,4.19,4.29,523851,2022-05-09 00:00:00+00:00,0.0,0.0,1.0,1.0
202,2022-05-10,00:00:00,4.18,4.3,3.715,4.0,853784,2022-05-10 00:00:00+00:00,0.0,0.0,1.0,1.0
203,2022-05-11,00:00:00,3.82,3.89,3.38,3.49,733455,2022-05-11 00:00:00+00:00,0.0,0.0,1.0,1.0
204,2022-05-12,00:00:00,3.42,3.73,3.315,3.55,761913,2022-05-12 00:00:00+00:00,0.0,0.0,1.0,1.0
205,2022-05-13,00:00:00,3.57,3.9296,3.57,3.83,1483556,2022-05-13 00:00:00+00:00,0.0,0.0,1.0,1.0
206,2022-05-16,00:00:00,3.87,3.93,3.6,3.64,451978,2022-05-16 00:00:00+00:00,0.0,0.0,1.0,1.0
207,2022-05-17,00:00:00,3.76,3.85,3.652,3.76,381163,2022-05-17 00:00:00+00:00,0.0,0.0,1.0,1.0
208,2022-05-18,00:00:00,3.67,3.84,3.42,3.44,424850,2022-05-18 00:00:00+00:00,0.0,0.0,1.0,1.0
209,2022-05-19,00:00:00,3.43,3.74,3.39,3.53,496051,2022-05-19 00:00:00+00:00,0.0,0.0,1.0,1.0
210,2022-05-20,00:00:00,3.6,3.74,3.39,3.5,402758,2022-05-20 00:00:00+00:00,0.0,0.0,1.0,1.0
211,2022-05-23,00:00:00,3.54,3.69,3.38,3.55,346971,2022-05-23 00:00:00+00:00,0.0,0.0,1.0,1.0
212,2022-05-24,00:00:00,3.5,3.64,3.361,3.46,369227,2022-05-24 00:00:00+00:00,0.0,0.0,1.0,1.0
213,2022-05-25,00:00:00,3.45,3.6888,3.39,3.48,349583,2022-05-25 00:00:00+00:00,0.0,0.0,1.0,1.0
214,2022-05-26,00:00:00,3.5,3.79,3.49,3.54,318012,2022-05-26 00:00:00+00:00,0.0,0.0,1.0,1.0
215,2022-05-27,00:00:00,3.59,3.9,3.57,3.87,411414,2022-05-27 00:00:00+00:00,0.0,0.0,1.0,1.0
216,2022-05-31,00:00:00,3.91,3.99,3.63,3.65,539156,2022-05-31 00:00:00+00:00,0.0,0.0,1.0,1.0
217,2022-06-01,00:00:00,3.7,3.78,3.43,3.52,346174,2022-06-01 00:00:00+00:00,0.0,0.0,1.0,1.0
218,2022-06-02,00:00:00,3.51,3.86,3.43,3.85,415654,2022-06-02 00:00:00+00:00,0.0,0.0,1.0,1.0
219,2022-06-03,00:00:00,3.85,3.88,3.62,3.64,413953,2022-06-03 00:00:00+00:00,0.0,0.0,1.0,1.0
220,2022-06-06,00:00:00,3.85,3.85,3.31,3.36,452244,2022-06-06 00:00:00+00:00,0.0,0.0,1.0,1.0
221,2022-06-07,00:00:00,3.27,3.33,3.15,3.31,294699,2022-06-07 00:00:00+00:00,0.0,0.0,1.0,1.0
222,2022-06-08,00:00:00,3.31,3.59,3.31,3.39,366635,2022-06-08 00:00:00+00:00,0.0,0.0,1.0,1.0
223,2022-06-09,00:00:00,3.43,3.45,3.22,3.3,263174,2022-06-09 00:00:00+00:00,0.0,0.0,1.0,1.0
224,2022-06-10,00:00:00,3.2,3.25,3.1,3.13,219735,2022-06-10 00:00:00+00:00,0.0,0.0,1.0,1.0
225,2022-06-13,00:00:00,2.95,3.18,2.93,3.16,464855,2022-06-13 00:00:00+00:00,0.0,0.0,1.0,1.0
226,2022-06-14,00:00:00,3.16,3.38,3.02,3.32,588146,2022-06-14 00:00:00+00:00,0.0,0.0,1.0,1.0
227,2022-06-15,00:00:00,3.35,3.71,3.22,3.62,780505,2022-06-15 00:00:00+00:00,0.0,0.0,1.0,1.0
228,2022-06-16,00:00:00,3.43,3.53,3.3,3.41,920363,2022-06-16 00:00:00+00:00,0.0,0.0,1.0,1.0
229,2022-06-17,00:00:00,3.42,3.79,3.4,3.48,749764,2022-06-17 00:00:00+00:00,0.0,0.0,1.0,1.0
230,2022-06-21,00:00:00,3.53,3.65,3.42,3.45,510147,2022-06-21 00:00:00+00:00,0.0,0.0,1.0,1.0
231,2022-06-22,00:00:00,3.4,3.64,3.29,3.47,617443,2022-06-22 00:00:00+00:00,0.0,0.0,1.0,1.0
232,2022-06-23,00:00:00,3.51,3.76,3.48,3.75,290781,2022-06-23 00:00:00+00:00,0.0,0.0,1.0,1.0
233,2022-06-24,00:00:00,3.79,4.05,3.67,3.97,1376597,2022-06-24 00:00:00+00:00,0.0,0.0,1.0,1.0
234,2022-06-27,00:00:00,4.01,4.02,3.66,3.74,200360,2022-06-27 00:00:00+00:00,0.0,0.0,1.0,1.0
235,2022-06-28,00:00:00,3.76,3.8078,3.47,3.59,244297,2022-06-28 00:00:00+00:00,0.0,0.0,1.0,1.0
236,2022-06-29,00:00:00,3.55,3.55,3.28,3.46,281738,2022-06-29 00:00:00+00:00,0.0,0.0,1.0,1.0
237,2022-06-30,00:00:00,3.39,3.43,3.28,3.32,234158,2022-06-30 00:00:00+00:00,0.0,0.0,1.0,1.0
238,2022-07-01,00:00:00,3.31,3.445,3.28,3.33,163289,2022-07-01 00:00:00+00:00,0.0,0.0,1.0,1.0
239,2022-07-05,00:00:00,3.27,3.46,3.17,3.44,265042,2022-07-05 00:00:00+00:00,0.0,0.0,1.0,1.0
240,2022-07-06,00:00:00,3.45,3.4954,3.31,3.35,221432,2022-07-06 00:00:00+00:00,0.0,0.0,1.0,1.0
241,2022-07-07,00:00:00,3.37,3.495,3.32,3.45,264461,2022-07-07 00:00:00+00:00,0.0,0.0,1.0,1.0
242,2022-07-08,00:00:00,3.41,3.77,3.41,3.55,303337,2022-07-08 00:00:00+00:00,0.0,0.0,1.0,1.0
243,2022-07-11,00:00:00,3.59,3.59,3.19,3.23,331241,2022-07-11 00:00:00+00:00,0.0,0.0,1.0,1.0
244,2022-07-12,00:00:00,3.22,3.3,3.08,3.13,147239,2022-07-12 00:00:00+00:00,0.0,0.0,1.0,1.0
245,2022-07-13,00:00:00,3.05,3.25,3.02,3.21,136841,2022-07-13 00:00:00+00:00,0.0,0.0,1.0,1.0
246,2022-07-14,00:00:00,3.18,3.3,3.045,3.25,278073,2022-07-14 00:00:00+00:00,0.0,0.0,1.0,1.0
247,2022-07-15,00:00:00,3.33,3.405,3.185,3.38,295571,2022-07-15 00:00:00+00:00,0.0,0.0,1.0,1.0
248,2022-07-18,00:00:00,3.6,3.76,3.29,3.37,251970,2022-07-18 00:00:00+00:00,0.0,0.0,1.0,1.0
249,2022-07-19,00:00:00,3.45,3.69,3.41,3.58,563091,2022-07-19 00:00:00+00:00,0.0,0.0,1.0,1.0
250,2022-07-20,00:00:00,3.59,3.88,3.53,3.64,238377,2022-07-20 00:00:00+00:00,0.0,0.0,1.0,1.0
251,2022-07-21,00:00:00,3.61,3.63,3.56,3.59,66312,2022-07-21 00:00:00+00:00,0.0,0.0,1.0,1.0
252,2022-07-22,00:00:00,3.65,3.71,3.35,3.37,126235,2022-07-22 00:00:00+00:00,0.0,0.0,1.0,1.0
253,2022-07-25,00:00:00,3.34,3.39,3.22,3.24,270263,2022-07-25 00:00:00+00:00,0.0,0.0,1.0,1.0
254,2022-07-26,00:00:00,3.2,3.27,3.11,3.2,55016,2022-07-26 00:00:00+00:00,0.0,0.0,1.0,1.0
255,2022-07-27,00:00:00,3.31,3.43,3.21,3.4,127010,2022-07-27 00:00:00+00:00,0.0,0.0,1.0,1.0
256,2022-07-28,00:00:00,3.4,3.48,3.26,3.4,105133,2022-07-28 00:00:00+00:00,0.0,0.0,1.0,1.0
257,2022-07-29,00:00:00,3.38,3.46,3.26,3.29,129961,2022-07-29 00:00:00+00:00,0.0,0.0,1.0,1.0
258,2022-08-01,00:00:00,3.26,3.42,3.14,3.38,217902,2022-08-01 00:00:00+00:00,0.0,0.0,1.0,1.0
259,2022-08-02,00:00:00,3.33,3.6232,3.33,3.5,592267,2022-08-02 00:00:00+00:00,0.0,0.0,1.0,1.0
260,2022-08-03,00:00:00,3.55,3.79,3.35,3.57,569762,2022-08-03 00:00:00+00:00,0.0,0.0,1.0,1.0
261,2022-08-04,00:00:00,3.63,3.77,3.5,3.66,524655,2022-08-04 00:00:00+00:00,0.0,0.0,1.0,1.0
262,2022-08-05,00:00:00,3.6,3.85,3.53,3.71,376099,2022-08-05 00:00:00+00:00,0.0,0.0,1.0,1.0
263,2022-08-08,00:00:00,3.76,3.98,3.735,3.87,522621,2022-08-08 00:00:00+00:00,0.0,0.0,1.0,1.0
264,2022-08-09,00:00:00,3.85,4.18,3.67,3.9,616220,2022-08-09 00:00:00+00:00,0.0,0.0,1.0,1.0
265,2022-08-10,00:00:00,4.0,4.39,3.91,4.2,684841,2022-08-10 00:00:00+00:00,0.0,0.0,1.0,1.0
266,2022-08-11,00:00:00,4.19,7.04,4.03,4.79,15061350,2022-08-11 00:00:00+00:00,0.0,0.0,1.0,1.0
267,2022-08-12,00:00:00,5.13,5.34,4.7,4.78,1865205,2022-08-12 00:00:00+00:00,0.0,0.0,1.0,1.0
268,2022-08-15,00:00:00,4.75,4.915,4.67,4.83,449860,2022-08-15 00:00:00+00:00,0.0,0.0,1.0,1.0
269,2022-08-16,00:00:00,4.78,4.8,4.55,4.58,316932,2022-08-16 00:00:00+00:00,0.0,0.0,1.0,1.0
270,2022-08-17,00:00:00,4.48,4.53,4.32,4.33,295016,2022-08-17 00:00:00+00:00,0.0,0.0,1.0,1.0
271,2022-08-18,00:00:00,4.27,4.3004,4.08,4.23,397112,2022-08-18 00:00:00+00:00,0.0,0.0,1.0,1.0
272,2022-08-19,00:00:00,4.17,4.17,3.93,4.0,310921,2022-08-19 00:00:00+00:00,0.0,0.0,1.0,1.0
273,2022-08-22,00:00:00,3.93,4.01,3.85,3.93,208573,2022-08-22 00:00:00+00:00,0.0,0.0,1.0,1.0
274,2022-08-23,00:00:00,3.96,4.36,3.935,4.25,320521,2022-08-23 00:00:00+00:00,0.0,0.0,1.0,1.0
275,2022-08-24,00:00:00,4.25,4.5,4.25,4.38,598097,2022-08-24 00:00:00+00:00,0.0,0.0,1.0,1.0
276,2022-08-25,00:00:00,4.52,4.68,4.26,4.36,240381,2022-08-25 00:00:00+00:00,0.0,0.0,1.0,1.0
277,2022-08-26,00:00:00,4.36,4.44,4.12,4.18,342342,2022-08-26 00:00:00+00:00,0.0,0.0,1.0,1.0
278,2022-08-29,00:00:00,4.15,4.245,3.29,3.3,505157,2022-08-29 00:00:00+00:00,0.0,0.0,1.0,1.0
279,2022-08-30,00:00:00,3.47,3.47,3.05,3.23,875513,2022-08-30 00:00:00+00:00,0.0,0.0,1.0,1.0
280,2022-08-31,00:00:00,3.22,3.38,3.2,3.37,199512,2022-08-31 00:00:00+00:00,0.0,0.0,1.0,1.0
281,2022-09-01,00:00:00,3.33,3.62,3.23,3.6,502300,2022-09-01 00:00:00+00:00,0.0,0.0,1.0,1.0
282,2022-09-02,00:00:00,3.55,3.63,3.33,3.39,306109,2022-09-02 00:00:00+00:00,0.0,0.0,1.0,1.0
283,2022-09-06,00:00:00,3.47,3.73,3.35,3.56,417895,2022-09-06 00:00:00+00:00,0.0,0.0,1.0,1.0
284,2022-09-07,00:00:00,3.57,3.87,3.57,3.79,321007,2022-09-07 00:00:00+00:00,0.0,0.0,1.0,1.0
285,2022-09-08,00:00:00,3.78,4.0773,3.72,3.99,306009,2022-09-08 00:00:00+00:00,0.0,0.0,1.0,1.0
286,2022-09-09,00:00:00,4.05,4.3076,4.05,4.14,309883,2022-09-09 00:00:00+00:00,0.0,0.0,1.0,1.0
287,2022-09-12,00:00:00,4.15,4.35,4.13,4.32,260585,2022-09-12 00:00:00+00:00,0.0,0.0,1.0,1.0
288,2022-09-13,00:00:00,4.19,4.41,4.13,4.29,315028,2022-09-13 00:00:00+00:00,0.0,0.0,1.0,1.0
289,2022-09-14,00:00:00,4.28,4.35,4.05,4.14,977700,2022-09-14 00:00:00+00:00,0.0,0.0,1.0,1.0
290,2022-09-15,00:00:00,4.08,4.36,3.96,4.0,572965,2022-09-15 00:00:00+00:00,0.0,0.0,1.0,1.0
291,2022-09-16,00:00:00,3.94,3.94,3.51,3.67,1951121,2022-09-16 00:00:00+00:00,0.0,0.0,1.0,1.0
292,2022-09-19,00:00:00,3.65,3.725,3.475,3.66,360023,2022-09-19 00:00:00+00:00,0.0,0.0,1.0,1.0
293,2022-09-20,00:00:00,3.71,3.71,3.505,3.55,446328,2022-09-20 00:00:00+00:00,0.0,0.0,1.0,1.0
294,2022-09-21,00:00:00,3.57,3.63,3.34,3.41,216348,2022-09-21 00:00:00+00:00,0.0,0.0,1.0,1.0
295,2022-09-22,00:00:00,3.38,3.4,3.19,3.25,178946,2022-09-22 00:00:00+00:00,0.0,0.0,1.0,1.0
296,2022-09-23,00:00:00,3.16,3.25,3.045,3.11,348661,2022-09-23 00:00:00+00:00,0.0,0.0,1.0,1.0
297,2022-09-26,00:00:00,3.08,3.2,2.9001,2.95,400264,2022-09-26 00:00:00+00:00,0.0,0.0,1.0,1.0
298,2022-09-27,00:00:00,2.98,3.07,2.93,3.05,250534,2022-09-27 00:00:00+00:00,0.0,0.0,1.0,1.0
299,2022-09-28,00:00:00,3.06,3.33,3.04,3.27,217040,2022-09-28 00:00:00+00:00,0.0,0.0,1.0,1.0
300,2022-09-29,00:00:00,3.19,3.19,3.03,3.12,187309,2022-09-29 00:00:00+00:00,0.0,0.0,1.0,1.0
301,2022-09-30,00:00:00,3.18,3.27,3.07,3.13,196637,2022-09-30 00:00:00+00:00,0.0,0.0,1.0,1.0
302,2022-10-03,00:00:00,3.16,3.16,2.86,2.97,310441,2022-10-03 00:00:00+00:00,0.0,0.0,1.0,1.0
303,2022-10-04,00:00:00,3.04,3.37,2.96,3.27,361082,2022-10-04 00:00:00+00:00,0.0,0.0,1.0,1.0
304,2022-10-05,00:00:00,3.21,3.27,3.0201,3.08,114749,2022-10-05 00:00:00+00:00,0.0,0.0,1.0,1.0
305,2022-10-06,00:00:00,3.05,3.19,3.04,3.16,113778,2022-10-06 00:00:00+00:00,0.0,0.0,1.0,1.0
306,2022-10-07,00:00:00,3.1,3.11,2.87,2.89,103638,2022-10-07 00:00:00+00:00,0.0,0.0,1.0,1.0
307,2022-10-10,00:00:00,2.89,3.05,2.8,2.91,173242,2022-10-10 00:00:00+00:00,0.0,0.0,1.0,1.0
308,2022-10-11,00:00:00,2.955,2.96,2.68,2.86,169181,2022-10-11 00:00:00+00:00,0.0,0.0,1.0,1.0
309,2022-10-12,00:00:00,2.84,2.91,2.73,2.89,129719,2022-10-12 00:00:00+00:00,0.0,0.0,1.0,1.0
310,2022-10-13,00:00:00,2.79,2.91,2.67,2.85,179385,2022-10-13 00:00:00+00:00,0.0,0.0,1.0,1.0
311,2022-10-14,00:00:00,2.9,2.92,2.74,2.82,134765,2022-10-14 00:00:00+00:00,0.0,0.0,1.0,1.0
312,2022-10-17,00:00:00,2.88,3.13,2.82,3.04,232995,2022-10-17 00:00:00+00:00,0.0,0.0,1.0,1.0
313,2022-10-18,00:00:00,3.14,3.48,3.1,3.415,317809,2022-10-18 00:00:00+00:00,0.0,0.0,1.0,1.0
314,2022-10-19,00:00:00,3.31,3.38,2.98,3.15,161575,2022-10-19 00:00:00+00:00,0.0,0.0,1.0,1.0
315,2022-10-20,00:00:00,3.15,3.315,2.91,2.93,170240,2022-10-20 00:00:00+00:00,0.0,0.0,1.0,1.0
316,2022-10-21,00:00:00,2.95,2.97,2.7,2.85,250269,2022-10-21 00:00:00+00:00,0.0,0.0,1.0,1.0
317,2022-10-24,00:00:00,2.85,3.03,2.58,2.63,179445,2022-10-24 00:00:00+00:00,0.0,0.0,1.0,1.0
318,2022-10-25,00:00:00,2.63,3.13,2.63,3.09,487965,2022-10-25 00:00:00+00:00,0.0,0.0,1.0,1.0
319,2022-10-26,00:00:00,3.1,3.32,3.035,3.2,156622,2022-10-26 00:00:00+00:00,0.0,0.0,1.0,1.0
320,2022-10-27,00:00:00,3.24,3.28,3.0,3.09,141537,2022-10-27 00:00:00+00:00,0.0,0.0,1.0,1.0
321,2022-10-28,00:00:00,3.12,3.275,3.02,3.22,164601,2022-10-28 00:00:00+00:00,0.0,0.0,1.0,1.0
322,2022-10-31,00:00:00,3.2,3.25,3.055,3.16,107301,2022-10-31 00:00:00+00:00,0.0,0.0,1.0,1.0
323,2022-11-01,00:00:00,3.21,3.33,3.08,3.1,243446,2022-11-01 00:00:00+00:00,0.0,0.0,1.0,1.0
324,2022-11-02,00:00:00,3.08,3.185,2.91,2.92,189855,2022-11-02 00:00:00+00:00,0.0,0.0,1.0,1.0
325,2022-11-03,00:00:00,2.89,3.115,2.85,2.96,125570,2022-11-03 00:00:00+00:00,0.0,0.0,1.0,1.0
326,2022-11-04,00:00:00,3.05,3.05,2.74,2.91,154954,2022-11-04 00:00:00+00:00,0.0,0.0,1.0,1.0
327,2022-11-07,00:00:00,2.93,3.04,2.84,2.98,220305,2022-11-07 00:00:00+00:00,0.0,0.0,1.0,1.0
328,2022-11-08,00:00:00,3.04,3.21,3.0,3.07,151115,2022-11-08 00:00:00+00:00,0.0,0.0,1.0,1.0
329,2022-11-09,00:00:00,3.03,3.46,2.9,3.17,192749,2022-11-09 00:00:00+00:00,0.0,0.0,1.0,1.0
330,2022-11-10,00:00:00,3.29,3.63,3.0,3.06,413842,2022-11-10 00:00:00+00:00,0.0,0.0,1.0,1.0
331,2022-11-11,00:00:00,3.06,3.71,3.05,3.58,660938,2022-11-11 00:00:00+00:00,0.0,0.0,1.0,1.0
332,2022-11-14,00:00:00,3.52,3.58,3.1,3.12,221154,2022-11-14 00:00:00+00:00,0.0,0.0,1.0,1.0
333,2022-11-15,00:00:00,3.15,3.42,3.04,3.115,258713,2022-11-15 00:00:00+00:00,0.0,0.0,1.0,1.0
334,2022-11-16,00:00:00,3.12,3.15,2.62,2.69,435857,2022-11-16 00:00:00+00:00,0.0,0.0,1.0,1.0
335,2022-11-17,00:00:00,2.66,2.69,2.38,2.46,339840,2022-11-17 00:00:00+00:00,0.0,0.0,1.0,1.0
336,2022-11-18,00:00:00,2.63,2.63,2.18,2.26,448746,2022-11-18 00:00:00+00:00,0.0,0.0,1.0,1.0
337,2022-11-21,00:00:00,2.2,2.42,2.19,2.24,228671,2022-11-21 00:00:00+00:00,0.0,0.0,1.0,1.0
338,2022-11-22,00:00:00,2.29,2.29,2.02,2.2,492796,2022-11-22 00:00:00+00:00,0.0,0.0,1.0,1.0
339,2022-11-23,00:00:00,2.19,2.27,2.16,2.2,136566,2022-11-23 00:00:00+00:00,0.0,0.0,1.0,1.0
340,2022-11-25,00:00:00,2.23,2.3206,2.12,2.24,157679,2022-11-25 00:00:00+00:00,0.0,0.0,1.0,1.0
341,2022-11-28,00:00:00,2.35,2.73,2.25,2.295,797148,2022-11-28 00:00:00+00:00,0.0,0.0,1.0,1.0
342,2022-11-29,00:00:00,2.34,2.39,2.19,2.285,442784,2022-11-29 00:00:00+00:00,0.0,0.0,1.0,1.0
343,2022-11-30,00:00:00,2.34,2.52,2.24,2.5,859803,2022-11-30 00:00:00+00:00,0.0,0.0,1.0,1.0
344,2022-12-01,00:00:00,2.57,2.68,2.48,2.53,537734,2022-12-01 00:00:00+00:00,0.0,0.0,1.0,1.0
345,2022-12-02,00:00:00,2.54,2.66,2.36,2.65,434528,2022-12-02 00:00:00+00:00,0.0,0.0,1.0,1.0
346,2022-12-05,00:00:00,2.76,2.8799,2.3601,2.4,894535,2022-12-05 00:00:00+00:00,0.0,0.0,1.0,1.0
347,2022-12-06,00:00:00,2.48,2.65,2.42,2.55,389442,2022-12-06 00:00:00+00:00,0.0,0.0,1.0,1.0
348,2022-12-07,00:00:00,2.61,2.72,2.5,2.55,506022,2022-12-07 00:00:00+00:00,0.0,0.0,1.0,1.0
349,2022-12-08,00:00:00,2.62,2.95,2.51,2.91,434670,2022-12-08 00:00:00+00:00,0.0,0.0,1.0,1.0
350,2022-12-09,00:00:00,2.89,2.9947,2.62,2.62,371388,2022-12-09 00:00:00+00:00,0.0,0.0,1.0,1.0
351,2022-12-12,00:00:00,2.7,2.78,2.57,2.76,316849,2022-12-12 00:00:00+00:00,0.0,0.0,1.0,1.0
352,2022-12-13,00:00:00,2.93,3.2392,2.65,2.68,558227,2022-12-13 00:00:00+00:00,0.0,0.0,1.0,1.0
353,2022-12-14,00:00:00,2.66,2.89,2.61,2.79,275955,2022-12-14 00:00:00+00:00,0.0,0.0,1.0,1.0
354,2022-12-15,00:00:00,2.74,2.803,2.6,2.61,372081,2022-12-15 00:00:00+00:00,0.0,0.0,1.0,1.0
355,2022-12-16,00:00:00,2.6,2.6,2.26,2.5,820284,2022-12-16 00:00:00+00:00,0.0,0.0,1.0,1.0
356,2022-12-19,00:00:00,2.5,2.5699,2.28,2.38,363417,2022-12-19 00:00:00+00:00,0.0,0.0,1.0,1.0
357,2022-12-20,00:00:00,2.41,2.5,2.33,2.38,166477,2022-12-20 00:00:00+00:00,0.0,0.0,1.0,1.0
358,2022-12-21,00:00:00,2.44,2.51,2.35,2.44,179157,2022-12-21 00:00:00+00:00,0.0,0.0,1.0,1.0
359,2022-12-22,00:00:00,2.42,2.42,2.13,2.215,407559,2022-12-22 00:00:00+00:00,0.0,0.0,1.0,1.0
360,2022-12-23,00:00:00,2.22,2.22,2.14,2.17,223962,2022-12-23 00:00:00+00:00,0.0,0.0,1.0,1.0
361,2022-12-27,00:00:00,2.2,2.27,1.94,2.0,512794,2022-12-27 00:00:00+00:00,0.0,0.0,1.0,1.0
362,2022-12-28,00:00:00,2.02,2.12,2.0,2.09,242023,2022-12-28 00:00:00+00:00,0.0,0.0,1.0,1.0
363,2022-12-29,00:00:00,2.12,2.39,2.1,2.24,606669,2022-12-29 00:00:00+00:00,0.0,0.0,1.0,1.0
364,2022-12-30,00:00:00,2.23,2.23,2.03,2.1,736260,2022-12-30 00:00:00+00:00,0.0,0.0,1.0,1.0
365,2023-01-03,00:00:00,2.2,2.675,2.2,2.26,954408,2023-01-03 00:00:00+00:00,0.0,0.0,1.0,1.0
366,2023-01-04,00:00:00,2.26,2.47,2.19,2.46,427762,2023-01-04 00:00:00+00:00,0.0,0.0,1.0,1.0
367,2023-01-05,00:00:00,2.4,2.54,2.34,2.38,356015,2023-01-05 00:00:00+00:00,0.0,0.0,1.0,1.0
368,2023-01-06,00:00:00,2.4,2.48,2.21,2.43,291061,2023-01-06 00:00:00+00:00,0.0,0.0,1.0,1.0
369,2023-01-09,00:00:00,2.49,2.5485,2.4,2.43,186554,2023-01-09 00:00:00+00:00,0.0,0.0,1.0,1.0
370,2023-01-10,00:00:00,2.42,2.57,2.41,2.56,232222,2023-01-10 00:00:00+00:00,0.0,0.0,1.0,1.0
371,2023-01-11,00:00:00,2.58,2.75,2.52,2.57,368396,2023-01-11 00:00:00+00:00,0.0,0.0,1.0,1.0
372,2023-01-12,00:00:00,2.61,2.84,2.48,2.82,352219,2023-01-12 00:00:00+00:00,0.0,0.0,1.0,1.0
373,2023-01-13,00:00:00,2.82,2.96,2.76,2.88,241404,2023-01-13 00:00:00+00:00,0.0,0.0,1.0,1.0
374,2023-01-17,00:00:00,2.94,3.09,2.84,2.89,341437,2023-01-17 00:00:00+00:00,0.0,0.0,1.0,1.0
375,2023-01-18,00:00:00,2.91,3.08,2.8,2.91,302581,2023-01-18 00:00:00+00:00,0.0,0.0,1.0,1.0
376,2023-01-19,00:00:00,2.86,2.89,2.28,2.36,835251,2023-01-19 00:00:00+00:00,0.0,0.0,1.0,1.0
377,2023-01-20,00:00:00,2.42,2.8015,2.36,2.69,596034,2023-01-20 00:00:00+00:00,0.0,0.0,1.0,1.0
378,2023-01-23,00:00:00,2.85,3.24,2.8103,3.09,1075652,2023-01-23 00:00:00+00:00,0.0,0.0,1.0,1.0
379,2023-01-24,00:00:00,3.11,3.2515,2.93,3.12,467462,2023-01-24 00:00:00+00:00,0.0,0.0,1.0,1.0
380,2023-01-25,00:00:00,3.11,3.1199,2.85,3.0,305696,2023-01-25 00:00:00+00:00,0.0,0.0,1.0,1.0
381,2023-01-26,00:00:00,3.08,3.32,3.02,3.3,461202,2023-01-26 00:00:00+00:00,0.0,0.0,1.0,1.0
382,2023-01-27,00:00:00,3.26,3.4399,3.23,3.26,515112,2023-01-27 00:00:00+00:00,0.0,0.0,1.0,1.0
383,2023-01-30,00:00:00,3.31,3.4,2.96,3.04,502329,2023-01-30 00:00:00+00:00,0.0,0.0,1.0,1.0
384,2023-01-31,00:00:00,3.1,3.3085,3.01,3.14,411358,2023-01-31 00:00:00+00:00,0.0,0.0,1.0,1.0
385,2023-02-01,00:00:00,3.16,3.305,3.04,3.23,498614,2023-02-01 00:00:00+00:00,0.0,0.0,1.0,1.0
386,2023-02-02,00:00:00,3.35,3.44,3.23,3.39,382111,2023-02-02 00:00:00+00:00,0.0,0.0,1.0,1.0
387,2023-02-03,00:00:00,3.4,3.63,3.3104,3.35,543484,2023-02-03 00:00:00+00:00,0.0,0.0,1.0,1.0
388,2023-02-06,00:00:00,3.46,3.6,3.385,3.41,675623,2023-02-06 00:00:00+00:00,0.0,0.0,1.0,1.0
389,2023-02-07,00:00:00,3.43,3.44,3.21,3.36,703258,2023-02-07 00:00:00+00:00,0.0,0.0,1.0,1.0
390,2023-02-08,00:00:00,3.32,3.5385,3.01,3.05,840928,2023-02-08 00:00:00+00:00,0.0,0.0,1.0,1.0
391,2023-02-09,00:00:00,3.11,3.25,2.87,2.895,510612,2023-02-09 00:00:00+00:00,0.0,0.0,1.0,1.0
392,2023-02-10,00:00:00,2.88,2.93,2.5,2.615,1104418,2023-02-10 00:00:00+00:00,0.0,0.0,1.0,1.0
393,2023-02-13,00:00:00,2.62,2.705,2.57,2.62,433874,2023-02-13 00:00:00+00:00,0.0,0.0,1.0,1.0
394,2023-02-14,00:00:00,2.57,2.74,2.53,2.69,556100,2023-02-14 00:00:00+00:00,0.0,0.0,1.0,1.0
395,2023-02-15,00:00:00,2.69,2.8,2.66,2.77,266526,2023-02-15 00:00:00+00:00,0.0,0.0,1.0,1.0
396,2023-02-16,00:00:00,2.74,2.76,2.57,2.6,308699,2023-02-16 00:00:00+00:00,0.0,0.0,1.0,1.0
397,2023-02-17,00:00:00,2.6,2.72,2.52,2.67,368459,2023-02-17 00:00:00+00:00,0.0,0.0,1.0,1.0
398,2023-02-21,00:00:00,2.66,2.71,2.32,2.43,593869,2023-02-21 00:00:00+00:00,0.0,0.0,1.0,1.0
399,2023-02-22,00:00:00,2.4,2.49,2.365,2.46,445450,2023-02-22 00:00:00+00:00,0.0,0.0,1.0,1.0
400,2023-02-23,00:00:00,2.52,2.581,2.315,2.33,399452,2023-02-23 00:00:00+00:00,1.0,0.0,0.0,1.0
401,2023-02-24,00:00:00,2.31,2.36,2.05,2.24,592367,2023-02-24 00:00:00+00:00,1.0,0.0,0.0,1.0
402,2023-02-27,00:00:00,2.26,2.31,2.08,2.16,540204,2023-02-27 00:00:00+00:00,1.0,0.0,0.0,1.0
403,2023-02-28,00:00:00,2.17,2.23,2.11,2.12,354730,2023-02-28 00:00:00+00:00,1.0,0.0,0.0,1.0
404,2023-03-01,00:00:00,2.1,2.13,1.98,2.01,421686,2023-03-01 00:00:00+00:00,1.0,0.0,0.0,1.0
405,2023-03-02,00:00:00,1.98,2.2481,1.965,2.16,701927,2023-03-02 00:00:00+00:00,1.0,0.0,0.0,1.0
406,2023-03-03,00:00:00,2.18,2.2284,2.11,2.18,226281,2023-03-03 00:00:00+00:00,1.0,0.0,0.0,1.0
407,2023-03-06,00:00:00,2.21,2.235,2.064,2.09,285521,2023-03-06 00:00:00+00:00,1.0,0.0,0.0,1.0
408,2023-03-07,00:00:00,2.12,2.205,2.02,2.14,440508,2023-03-07 00:00:00+00:00,1.0,0.0,0.0,1.0
409,2023-03-08,00:00:00,2.14,2.14,2.01,2.06,301198,2023-03-08 00:00:00+00:00,1.0,0.0,0.0,1.0
410,2023-03-09,00:00:00,2.06,2.06,1.91,2.0,813957,2023-03-09 00:00:00+00:00,1.0,0.0,0.0,1.0
411,2023-03-10,00:00:00,2.0,2.07,1.82,1.86,417253,2023-03-10 00:00:00+00:00,1.0,0.0,0.0,1.0
412,2023-03-13,00:00:00,1.8,1.87,1.7325,1.76,414621,2023-03-13 00:00:00+00:00,1.0,0.0,0.0,1.0
413,2023-03-14,00:00:00,1.83,1.88,1.705,1.745,380341,2023-03-14 00:00:00+00:00,1.0,0.0,0.0,1.0
414,2023-03-15,00:00:00,1.73,1.775,1.67,1.72,365063,2023-03-15 00:00:00+00:00,1.0,0.0,0.0,1.0
415,2023-03-16,00:00:00,1.68,1.72,1.65,1.675,368815,2023-03-16 00:00:00+00:00,1.0,0.0,0.0,1.0
416,2023-03-17,00:00:00,1.66,1.7,1.57,1.59,722792,2023-03-17 00:00:00+00:00,1.0,0.0,0.0,1.0
417,2023-03-20,00:00:00,1.62,1.6591,1.53,1.585,541886,2023-03-20 00:00:00+00:00,1.0,0.0,0.0,1.0
418,2023-03-21,00:00:00,1.59,1.78,1.59,1.75,578317,2023-03-21 00:00:00+00:00,1.0,0.0,0.0,1.0
419,2023-03-22,00:00:00,1.76,1.86,1.685,1.69,503835,2023-03-22 00:00:00+00:00,1.0,0.0,0.0,1.0
420,2023-03-23,00:00:00,1.72,1.7954,1.68,1.72,231513,2023-03-23 00:00:00+00:00,1.0,0.0,0.0,1.0
421,2023-03-24,00:00:00,1.71,1.73,1.6,1.72,397446,2023-03-24 00:00:00+00:00,1.0,0.0,0.0,1.0
422,2023-03-27,00:00:00,1.75,1.825,1.63,1.73,453399,2023-03-27 00:00:00+00:00,1.0,0.0,0.0,1.0
423,2023-03-28,00:00:00,1.72,1.75,1.61,1.63,235394,2023-03-28 00:00:00+00:00,1.0,0.0,0.0,1.0
424,2023-03-29,00:00:00,1.67,1.785,1.62,1.765,311963,2023-03-29 00:00:00+00:00,1.0,0.0,0.0,1.0
425,2023-03-30,00:00:00,1.8,1.81,1.68,1.68,246226,2023-03-30 00:00:00+00:00,1.0,0.0,0.0,1.0
426,2023-03-31,00:00:00,1.68,1.82,1.67,1.75,266821,2023-03-31 00:00:00+00:00,1.0,0.0,0.0,1.0
427,2023-04-03,00:00:00,1.79,1.84,1.745,1.8,324689,2023-04-03 00:00:00+00:00,1.0,0.0,0.0,1.0
428,2023-04-04,00:00:00,1.8,1.81,1.68,1.76,310580,2023-04-04 00:00:00+00:00,1.0,0.0,0.0,1.0
429,2023-04-05,00:00:00,1.75,1.8,1.64,1.67,250829,2023-04-05 00:00:00+00:00,1.0,0.0,0.0,1.0
430,2023-04-06,00:00:00,1.66,1.77,1.6,1.73,268844,2023-04-06 00:00:00+00:00,1.0,0.0,0.0,1.0
431,2023-04-10,00:00:00,1.76,1.84,1.735,1.77,332061,2023-04-10 00:00:00+00:00,1.0,0.0,0.0,1.0
432,2023-04-11,00:00:00,1.78,1.9,1.76,1.82,248183,2023-04-11 00:00:00+00:00,1.0,0.0,0.0,1.0
433,2023-04-12,00:00:00,1.9,1.9152,1.76,1.77,337869,2023-04-12 00:00:00+00:00,1.0,0.0,0.0,1.0
434,2023-04-13,00:00:00,1.77,1.895,1.77,1.87,285784,2023-04-13 00:00:00+00:00,1.0,0.0,0.0,1.0
435,2023-04-14,00:00:00,1.85,1.88,1.77,1.785,233478,2023-04-14 00:00:00+00:00,1.0,0.0,0.0,1.0
436,2023-04-17,00:00:00,1.79,1.8396,1.775,1.82,236303,2023-04-17 00:00:00+00:00,1.0,0.0,0.0,1.0
437,2023-04-18,00:00:00,1.84,1.84,1.78,1.81,291601,2023-04-18 00:00:00+00:00,1.0,0.0,0.0,1.0
438,2023-04-19,00:00:00,1.78,1.82,1.75,1.79,226402,2023-04-19 00:00:00+00:00,1.0,0.0,0.0,1.0
439,2023-04-20,00:00:00,1.75,1.7927,1.69,1.7,271656,2023-04-20 00:00:00+00:00,1.0,0.0,0.0,1.0
440,2023-04-21,00:00:00,1.69,1.74,1.66,1.69,182189,2023-04-21 00:00:00+00:00,1.0,0.0,0.0,1.0
441,2023-04-24,00:00:00,1.71,1.715,1.52,1.55,297016,2023-04-24 00:00:00+00:00,1.0,0.0,0.0,1.0
442,2023-04-25,00:00:00,1.52,1.55,1.38,1.385,337991,2023-04-25 00:00:00+00:00,1.0,0.0,0.0,1.0
443,2023-04-26,00:00:00,1.35,1.46,1.3,1.45,660878,2023-04-26 00:00:00+00:00,1.0,0.0,0.0,1.0
444,2023-04-27,00:00:00,1.49,1.49,1.31,1.33,513112,2023-04-27 00:00:00+00:00,1.0,0.0,0.0,1.0
445,2023-04-28,00:00:00,1.31,1.4194,1.3,1.32,320406,2023-04-28 00:00:00+00:00,0.0,0.0,1.0,1.0
446,2023-05-01,00:00:00,1.315,1.38,1.165,1.25,421455,2023-05-01 00:00:00+00:00,0.0,0.0,1.0,1.0
447,2023-05-02,00:00:00,1.22,1.33,1.21,1.31,409138,2023-05-02 00:00:00+00:00,0.0,0.0,1.0,1.0
448,2023-05-03,00:00:00,1.32,1.3597,1.2402,1.25,278713,2023-05-03 00:00:00+00:00,0.0,0.0,1.0,1.0
449,2023-05-04,00:00:00,1.31,1.37,1.23,1.31,553669,2023-05-04 00:00:00+00:00,0.0,0.0,1.0,1.0
450,2023-05-05,00:00:00,1.32,1.43,1.255,1.39,602532,2023-05-05 00:00:00+00:00,0.0,0.0,1.0,1.0
451,2023-05-08,00:00:00,1.4,1.5,1.37,1.42,363301,2023-05-08 00:00:00+00:00,0.0,0.0,1.0,1.0
452,2023-05-09,00:00:00,1.42,1.42,1.255,1.325,235101,2023-05-09 00:00:00+00:00,0.0,0.0,1.0,1.0
453,2023-05-10,00:00:00,1.35,1.38,1.29,1.31,158687,2023-05-10 00:00:00+00:00,0.0,0.0,1.0,1.0
454,2023-05-11,00:00:00,1.29,1.389,1.22,1.24,381068,2023-05-11 00:00:00+00:00,0.0,0.0,1.0,1.0
455,2023-05-12,00:00:00,1.24,1.31,1.24,1.25,679936,2023-05-12 00:00:00+00:00,0.0,0.0,1.0,1.0
456,2023-05-15,00:00:00,1.29,1.36,1.27,1.28,288731,2023-05-15 00:00:00+00:00,0.0,0.0,1.0,1.0
457,2023-05-16,00:00:00,1.35,1.35,1.14,1.17,506016,2023-05-16 00:00:00+00:00,0.0,0.0,1.0,1.0
458,2023-05-17,00:00:00,1.19,1.23,1.13,1.205,371819,2023-05-17 00:00:00+00:00,0.0,0.0,1.0,1.0
459,2023-05-18,00:00:00,1.21,1.21,1.14,1.18,387928,2023-05-18 00:00:00+00:00,0.0,0.0,1.0,1.0
460,2023-05-19,00:00:00,1.2,1.4,1.18,1.39,562317,2023-05-19 00:00:00+00:00,0.0,0.0,1.0,1.0
461,2023-05-22,00:00:00,1.42,1.89,1.415,1.81,2772072,2023-05-22 00:00:00+00:00,0.0,0.0,1.0,1.0
462,2023-05-23,00:00:00,1.82,1.9,1.67,1.67,978119,2023-05-23 00:00:00+00:00,0.0,0.0,1.0,1.0
463,2023-05-24,00:00:00,1.73,1.7423,1.51,1.62,771219,2023-05-24 00:00:00+00:00,0.0,0.0,1.0,1.0
464,2023-05-25,00:00:00,1.75,1.96,1.57,1.61,1475784,2023-05-25 00:00:00+00:00,0.0,0.0,1.0,1.0
465,2023-05-26,00:00:00,1.61,1.77,1.5806,1.71,548638,2023-05-26 00:00:00+00:00,0.0,0.0,1.0,1.0
466,2023-05-30,00:00:00,1.75,2.05,1.7315,1.93,1170899,2023-05-30 00:00:00+00:00,0.0,0.0,1.0,1.0
467,2023-05-31,00:00:00,1.94,1.94,1.81,1.9,628307,2023-05-31 00:00:00+00:00,0.0,0.0,1.0,1.0
468,2023-06-01,00:00:00,1.92,1.92,1.83,1.84,536740,2023-06-01 00:00:00+00:00,0.0,0.0,1.0,1.0
469,2023-06-02,00:00:00,1.86,1.89,1.82,1.88,490457,2023-06-02 00:00:00+00:00,0.0,0.0,1.0,1.0
470,2023-06-05,00:00:00,1.88,1.91,1.8,1.8,813398,2023-06-05 00:00:00+00:00,0.0,0.0,1.0,1.0
471,2023-06-06,00:00:00,1.8,1.835,1.7,1.78,650137,2023-06-06 00:00:00+00:00,0.0,0.0,1.0,1.0
472,2023-06-07,00:00:00,1.78,1.885,1.78,1.81,545073,2023-06-07 00:00:00+00:00,0.0,0.0,1.0,1.0
473,2023-06-08,00:00:00,1.79,1.8201,1.6307,1.7,730669,2023-06-08 00:00:00+00:00,0.0,0.0,1.0,1.0
474,2023-06-09,00:00:00,1.74,1.78,1.61,1.68,371948,2023-06-09 00:00:00+00:00,0.0,0.0,1.0,1.0
475,2023-06-12,00:00:00,1.7,1.79,1.65,1.67,487165,2023-06-12 00:00:00+00:00,0.0,0.0,1.0,1.0
476,2023-06-13,00:00:00,1.69,1.82,1.685,1.7,468155,2023-06-13 00:00:00+00:00,0.0,0.0,1.0,1.0
477,2023-06-14,00:00:00,1.74,1.7885,1.66,1.68,508631,2023-06-14 00:00:00+00:00,0.0,0.0,1.0,1.0
478,2023-06-15,00:00:00,1.73,1.78,1.63,1.71,593884,2023-06-15 00:00:00+00:00,0.0,0.0,1.0,1.0
479,2023-06-16,00:00:00,1.76,1.77,1.7101,1.75,766753,2023-06-16 00:00:00+00:00,0.0,0.0,1.0,1.0
480,2023-06-20,00:00:00,1.77,2.11,1.75,2.03,1951821,2023-06-20 00:00:00+00:00,0.0,0.0,1.0,1.0
481,2023-06-21,00:00:00,2.04,2.08,1.77,1.78,1516706,2023-06-21 00:00:00+00:00,0.0,0.0,1.0,1.0
482,2023-06-22,00:00:00,1.82,1.82,1.74,1.785,678830,2023-06-22 00:00:00+00:00,0.0,0.0,1.0,1.0
483,2023-06-23,00:00:00,1.78,1.84,1.72,1.77,7012767,2023-06-23 00:00:00+00:00,0.0,0.0,1.0,1.0
484,2023-06-26,00:00:00,1.84,1.93,1.7,1.7,811363,2023-06-26 00:00:00+00:00,0.0,0.0,1.0,1.0
485,2023-06-27,00:00:00,1.71,1.73,1.51,1.64,1124955,2023-06-27 00:00:00+00:00,0.0,0.0,1.0,1.0
486,2023-06-28,00:00:00,1.64,1.69,1.56,1.6,543682,2023-06-28 00:00:00+00:00,0.0,0.0,1.0,1.0
487,2023-06-29,00:00:00,1.63,1.63,1.52,1.53,739792,2023-06-29 00:00:00+00:00,0.0,0.0,1.0,1.0
488,2023-06-30,00:00:00,1.52,1.68,1.51,1.52,816464,2023-06-30 00:00:00+00:00,0.0,0.0,1.0,1.0
489,2023-07-03,00:00:00,1.51,1.57,1.51,1.53,286651,2023-07-03 00:00:00+00:00,0.0,0.0,1.0,1.0
490,2023-07-05,00:00:00,1.55,1.58,1.53,1.55,377088,2023-07-05 00:00:00+00:00,0.0,0.0,1.0,1.0
491,2023-07-06,00:00:00,1.54,1.54,1.4,1.42,779345,2023-07-06 00:00:00+00:00,0.0,0.0,1.0,1.0
492,2023-07-07,00:00:00,1.44,1.475,1.4123,1.44,357615,2023-07-07 00:00:00+00:00,0.0,0.0,1.0,1.0
493,2023-07-10,00:00:00,1.45,1.64,1.43,1.56,597867,2023-07-10 00:00:00+00:00,0.0,0.0,1.0,1.0
494,2023-07-11,00:00:00,1.56,1.63,1.54,1.62,397929,2023-07-11 00:00:00+00:00,0.0,0.0,1.0,1.0
495,2023-07-12,00:00:00,1.67,1.935,1.651,1.88,1689244,2023-07-12 00:00:00+00:00,0.0,0.0,1.0,1.0
496,2023-07-13,00:00:00,1.88,2.24,1.86,2.22,988702,2023-07-13 00:00:00+00:00,0.0,0.0,1.0,1.0
497,2023-07-14,00:00:00,2.23,2.31,1.98,2.0,609954,2023-07-14 00:00:00+00:00,0.0,0.0,1.0,1.0
498,2023-07-17,00:00:00,1.99,2.125,1.9015,2.08,277363,2023-07-17 00:00:00+00:00,0.0,0.0,1.0,1.0
499,2023-07-18,00:00:00,2.07,2.285,2.02,2.21,577853,2023-07-18 00:00:00+00:00,0.0,0.0,1.0,1.0
500,2023-07-19,00:00:00,2.23,2.44,2.21,2.4,887438,2023-07-19 00:00:00+00:00,0.0,0.0,1.0,1.0
501,2023-07-20,00:00:00,2.36,2.36,2.121,2.18,620461,2023-07-20 00:00:00+00:00,0.0,0.0,1.0,1.0
502,2023-07-21,00:00:00,2.22,2.45,2.205,2.41,486205,2023-07-21 00:00:00+00:00,0.0,0.0,1.0,1.0
503,2023-07-24,00:00:00,2.41,2.42,2.22,2.29,484048,2023-07-24 00:00:00+00:00,0.0,0.0,1.0,1.0
504,2023-07-25,00:00:00,2.28,2.34,2.125,2.14,395307,2023-07-25 00:00:00+00:00,0.0,0.0,1.0,1.0
505,2023-07-26,00:00:00,2.1,2.195,2.02,2.06,548756,2023-07-26 00:00:00+00:00,0.0,0.0,1.0,1.0
506,2023-07-27,00:00:00,2.09,2.12,1.984,1.99,387284,2023-07-27 00:00:00+00:00,0.0,0.0,1.0,1.0
507,2023-07-28,00:00:00,2.0,2.165,1.999,2.13,286902,2023-07-28 00:00:00+00:00,0.0,0.0,1.0,1.0
508,2023-07-31,00:00:00,2.15,2.3095,2.12,2.2,305313,2023-07-31 00:00:00+00:00,0.0,0.0,1.0,1.0
509,2023-08-01,00:00:00,2.22,2.22,2.01,2.04,357318,2023-08-01 00:00:00+00:00,0.0,0.0,1.0,1.0
510,2023-08-02,00:00:00,2.13,2.13,1.93,1.96,540466,2023-08-02 00:00:00+00:00,0.0,0.0,1.0,1.0
511,2023-08-03,00:00:00,1.95,2.03,1.88,1.95,353979,2023-08-03 00:00:00+00:00,0.0,0.0,1.0,1.0
512,2023-08-04,00:00:00,1.95,2.0,1.91,1.93,279809,2023-08-04 00:00:00+00:00,0.0,0.0,1.0,1.0
513,2023-08-07,00:00:00,1.98,1.98,1.68,1.77,547291,2023-08-07 00:00:00+00:00,0.0,0.0,1.0,1.0
514,2023-08-08,00:00:00,1.75,1.85,1.62,1.83,326916,2023-08-08 00:00:00+00:00,0.0,0.0,1.0,1.0
515,2023-08-09,00:00:00,1.85,1.86,1.705,1.73,317089,2023-08-09 00:00:00+00:00,0.0,0.0,1.0,1.0
516,2023-08-10,00:00:00,1.76,1.79,1.68,1.71,588369,2023-08-10 00:00:00+00:00,0.0,0.0,1.0,1.0
517,2023-08-11,00:00:00,1.69,1.78,1.67,1.68,410256,2023-08-11 00:00:00+00:00,0.0,0.0,1.0,1.0
518,2023-08-14,00:00:00,1.66,1.78,1.64,1.77,274872,2023-08-14 00:00:00+00:00,1.0,0.0,0.0,1.0
519,2023-08-15,00:00:00,1.79,1.79,1.63,1.64,398369,2023-08-15 00:00:00+00:00,1.0,0.0,0.0,1.0
520,2023-08-16,00:00:00,1.64,1.65,1.5,1.6,477790,2023-08-16 00:00:00+00:00,1.0,0.0,0.0,1.0
521,2023-08-17,00:00:00,1.6,1.69,1.57,1.66,280375,2023-08-17 00:00:00+00:00,1.0,0.0,0.0,1.0
522,2023-08-18,00:00:00,1.64,1.73,1.57,1.68,264534,2023-08-18 00:00:00+00:00,1.0,0.0,0.0,1.0
523,2023-08-21,00:00:00,1.7,1.73,1.63,1.67,550243,2023-08-21 00:00:00+00:00,1.0,0.0,0.0,1.0
524,2023-08-22,00:00:00,1.69,1.71,1.52,1.52,542647,2023-08-22 00:00:00+00:00,1.0,0.0,0.0,1.0
525,2023-08-23,00:00:00,1.52,1.65,1.52,1.62,266908,2023-08-23 00:00:00+00:00,1.0,0.0,0.0,1.0
526,2023-08-24,00:00:00,1.62,1.6255,1.54,1.56,208109,2023-08-24 00:00:00+00:00,1.0,0.0,0.0,1.0
527,2023-08-25,00:00:00,1.56,1.68,1.53,1.68,302574,2023-08-25 00:00:00+00:00,1.0,0.0,0.0,1.0
528,2023-08-28,00:00:00,1.73,1.73,1.5802,1.63,331654,2023-08-28 00:00:00+00:00,1.0,0.0,0.0,1.0
529,2023-08-29,00:00:00,1.63,1.82,1.6,1.79,347248,2023-08-29 00:00:00+00:00,1.0,0.0,0.0,1.0
530,2023-08-30,00:00:00,1.78,1.92,1.765,1.84,348551,2023-08-30 00:00:00+00:00,1.0,0.0,0.0,1.0
531,2023-08-31,00:00:00,1.85,1.92,1.79,1.79,414024,2023-08-31 00:00:00+00:00,1.0,0.0,0.0,1.0
532,2023-09-01,00:00:00,1.81,1.99,1.81,1.87,365942,2023-09-01 00:00:00+00:00,1.0,0.0,0.0,1.0
533,2023-09-05,00:00:00,1.88,1.9,1.7,1.72,342080,2023-09-05 00:00:00+00:00,1.0,0.0,0.0,1.0
534,2023-09-06,00:00:00,1.71,1.73,1.63,1.66,226918,2023-09-06 00:00:00+00:00,1.0,0.0,0.0,1.0
535,2023-09-07,00:00:00,1.65,1.69,1.5701,1.62,357079,2023-09-07 00:00:00+00:00,1.0,0.0,0.0,1.0
536,2023-09-08,00:00:00,1.63,1.66,1.55,1.64,209604,2023-09-08 00:00:00+00:00,1.0,0.0,0.0,1.0
537,2023-09-11,00:00:00,1.65,1.7099,1.61,1.66,157131,2023-09-11 00:00:00+00:00,1.0,0.0,0.0,1.0
538,2023-09-12,00:00:00,1.66,1.68,1.6,1.61,234592,2023-09-12 00:00:00+00:00,1.0,0.0,0.0,1.0
539,2023-09-13,00:00:00,1.6,1.71,1.6,1.66,426463,2023-09-13 00:00:00+00:00,1.0,0.0,0.0,1.0
540,2023-09-14,00:00:00,1.66,1.73,1.66,1.69,244618,2023-09-14 00:00:00+00:00,1.0,0.0,0.0,1.0
541,2023-09-15,00:00:00,1.68,1.69,1.54,1.54,821084,2023-09-15 00:00:00+00:00,1.0,0.0,0.0,1.0
542,2023-09-18,00:00:00,1.55,1.5809,1.48,1.56,269001,2023-09-18 00:00:00+00:00,1.0,0.0,0.0,1.0
543,2023-09-19,00:00:00,1.54,1.6006,1.52,1.57,188137,2023-09-19 00:00:00+00:00,1.0,0.0,0.0,1.0
544,2023-09-20,00:00:00,1.57,1.61,1.51,1.52,208696,2023-09-20 00:00:00+00:00,1.0,0.0,0.0,1.0
545,2023-09-21,00:00:00,1.49,1.52,1.38,1.49,728809,2023-09-21 00:00:00+00:00,1.0,0.0,0.0,1.0
546,2023-09-22,00:00:00,1.5,1.53,1.44,1.47,192063,2023-09-22 00:00:00+00:00,1.0,0.0,0.0,1.0
547,2023-09-25,00:00:00,1.45,1.48,1.35,1.35,431134,2023-09-25 00:00:00+00:00,1.0,0.0,0.0,1.0
548,2023-09-26,00:00:00,1.35,1.3799,1.263,1.28,447498,2023-09-26 00:00:00+00:00,1.0,0.0,0.0,1.0
549,2023-09-27,00:00:00,1.28,1.35,1.28,1.35,339898,2023-09-27 00:00:00+00:00,1.0,0.0,0.0,1.0
550,2023-09-28,00:00:00,1.36,1.38,1.2906,1.38,193256,2023-09-28 00:00:00+00:00,1.0,0.0,0.0,1.0
551,2023-09-29,00:00:00,1.38,1.4,1.32,1.32,215552,2023-09-29 00:00:00+00:00,1.0,0.0,0.0,1.0
552,2023-10-02,00:00:00,1.32,1.36,1.2507,1.29,371649,2023-10-02 00:00:00+00:00,1.0,0.0,0.0,1.0
553,2023-10-03,00:00:00,1.27,1.445,1.25,1.41,686961,2023-10-03 00:00:00+00:00,1.0,0.0,0.0,1.0
554,2023-10-04,00:00:00,1.39,1.425,1.26,1.285,281151,2023-10-04 00:00:00+00:00,1.0,0.0,0.0,1.0
555,2023-10-05,00:00:00,1.3,1.43,1.3,1.37,297271,2023-10-05 00:00:00+00:00,1.0,0.0,0.0,1.0
556,2023-10-06,00:00:00,1.37,1.39,1.3034,1.38,249277,2023-10-06 00:00:00+00:00,1.0,0.0,0.0,1.0
557,2023-10-09,00:00:00,1.36,1.37,1.3,1.34,161619,2023-10-09 00:00:00+00:00,1.0,0.0,0.0,1.0
558,2023-10-10,00:00:00,1.32,1.445,1.32,1.38,266493,2023-10-10 00:00:00+00:00,1.0,0.0,0.0,1.0
559,2023-10-11,00:00:00,1.35,1.41,1.305,1.36,234557,2023-10-11 00:00:00+00:00,1.0,0.0,0.0,1.0
560,2023-10-12,00:00:00,1.37,1.375,1.275,1.32,256452,2023-10-12 00:00:00+00:00,1.0,0.0,0.0,1.0
561,2023-10-13,00:00:00,1.32,1.355,1.29,1.34,127760,2023-10-13 00:00:00+00:00,1.0,0.0,0.0,1.0
562,2023-10-16,00:00:00,1.35,1.45,1.32,1.43,353287,2023-10-16 00:00:00+00:00,1.0,0.0,0.0,1.0
563,2023-10-17,00:00:00,1.42,1.5,1.4,1.48,348074,2023-10-17 00:00:00+00:00,1.0,0.0,0.0,1.0
564,2023-10-18,00:00:00,1.45,1.46,1.37,1.37,150253,2023-10-18 00:00:00+00:00,1.0,0.0,0.0,1.0
565,2023-10-19,00:00:00,1.4,1.4,1.31,1.34,222366,2023-10-19 00:00:00+00:00,1.0,0.0,0.0,1.0
566,2023-10-20,00:00:00,1.33,1.35,1.2577,1.26,199199,2023-10-20 00:00:00+00:00,1.0,0.0,0.0,1.0
567,2023-10-23,00:00:00,1.25,1.27,1.21,1.22,217706,2023-10-23 00:00:00+00:00,1.0,0.0,0.0,1.0
568,2023-10-24,00:00:00,1.26,1.36,1.2,1.22,257614,2023-10-24 00:00:00+00:00,1.0,0.0,0.0,1.0
569,2023-10-25,00:00:00,1.21,1.28,1.16,1.17,294022,2023-10-25 00:00:00+00:00,1.0,0.0,0.0,1.0
570,2023-10-26,00:00:00,1.17,1.23,1.1111,1.15,293554,2023-10-26 00:00:00+00:00,1.0,0.0,0.0,1.0
571,2023-10-27,00:00:00,1.17,1.27,1.15,1.22,431475,2023-10-27 00:00:00+00:00,1.0,0.0,0.0,1.0
572,2023-10-30,00:00:00,1.25,1.28,1.18,1.2,209951,2023-10-30 00:00:00+00:00,1.0,0.0,0.0,1.0
573,2023-10-31,00:00:00,1.21,1.38,1.21,1.3,430491,2023-10-31 00:00:00+00:00,1.0,0.0,0.0,1.0
574,2023-11-01,00:00:00,1.3,1.3,1.22,1.23,153935,2023-11-01 00:00:00+00:00,1.0,0.0,0.0,1.0
575,2023-11-02,00:00:00,1.26,1.32,1.2498,1.32,269818,2023-11-02 00:00:00+00:00,1.0,0.0,0.0,1.0
576,2023-11-03,00:00:00,1.32,1.48,1.31,1.42,408711,2023-11-03 00:00:00+00:00,1.0,0.0,0.0,1.0
577,2023-11-06,00:00:00,1.46,1.485,1.335,1.34,317751,2023-11-06 00:00:00+00:00,1.0,0.0,0.0,1.0
578,2023-11-07,00:00:00,1.37,1.425,1.32,1.4,192379,2023-11-07 00:00:00+00:00,1.0,0.0,0.0,1.0
579,2023-11-08,00:00:00,1.4,1.43,1.32,1.36,240867,2023-11-08 00:00:00+00:00,1.0,0.0,0.0,1.0
580,2023-11-09,00:00:00,1.42,1.42,1.2401,1.27,230205,2023-11-09 00:00:00+00:00,1.0,0.0,0.0,1.0
581,2023-11-10,00:00:00,1.29,1.29,1.18,1.27,192370,2023-11-10 00:00:00+00:00,1.0,0.0,0.0,1.0
582,2023-11-13,00:00:00,1.28,1.28,1.22,1.25,278474,2023-11-13 00:00:00+00:00,1.0,0.0,0.0,1.0
583,2023-11-14,00:00:00,1.28,1.41,1.28,1.4,1901629,2023-11-14 00:00:00+00:00,1.0,0.0,0.0,1.0
584,2023-11-15,00:00:00,1.3,1.4601,1.29,1.4,713542,2023-11-15 00:00:00+00:00,1.0,0.0,0.0,1.0
585,2023-11-16,00:00:00,1.39,1.4,1.34,1.39,236193,2023-11-16 00:00:00+00:00,1.0,0.0,0.0,1.0
586,2023-11-17,00:00:00,1.37,1.46,1.37,1.45,222240,2023-11-17 00:00:00+00:00,1.0,0.0,0.0,1.0
587,2023-11-20,00:00:00,1.42,1.46,1.38,1.46,236386,2023-11-20 00:00:00+00:00,1.0,0.0,0.0,1.0
588,2023-11-21,00:00:00,1.41,1.42,1.33,1.36,200503,2023-11-21 00:00:00+00:00,1.0,0.0,0.0,1.0
589,2023-11-22,00:00:00,1.37,1.41,1.36,1.4,174932,2023-11-22 00:00:00+00:00,1.0,0.0,0.0,1.0
590,2023-11-24,00:00:00,1.41,1.44,1.36,1.44,158741,2023-11-24 00:00:00+00:00,1.0,0.0,0.0,1.0
591,2023-11-27,00:00:00,1.41,1.42,1.36,1.39,221717,2023-11-27 00:00:00+00:00,1.0,0.0,0.0,1.0
592,2023-11-28,00:00:00,1.4,1.52,1.35,1.52,423175,2023-11-28 00:00:00+00:00,1.0,0.0,0.0,1.0
593,2023-11-29,00:00:00,1.56,1.705,1.5401,1.63,534802,2023-11-29 00:00:00+00:00,1.0,0.0,0.0,1.0
594,2023-11-30,00:00:00,1.66,1.69,1.57,1.67,383617,2023-11-30 00:00:00+00:00,1.0,0.0,0.0,1.0
595,2023-12-01,00:00:00,1.69,1.74,1.61,1.74,527266,2023-12-01 00:00:00+00:00,1.0,0.0,0.0,1.0
596,2023-12-04,00:00:00,2.07,2.43,1.74,1.96,3600577,2023-12-04 00:00:00+00:00,1.0,0.0,0.0,1.0
597,2023-12-05,00:00:00,2.07,2.15,1.85,2.12,1450081,2023-12-05 00:00:00+00:00,1.0,0.0,0.0,1.0
598,2023-12-06,00:00:00,2.18,2.455,2.0507,2.24,1237022,2023-12-06 00:00:00+00:00,1.0,0.0,0.0,1.0
599,2023-12-07,00:00:00,2.32,2.42,2.2501,2.37,688719,2023-12-07 00:00:00+00:00,1.0,0.0,0.0,1.0
600,2023-12-08,00:00:00,2.34,2.49,2.22,2.3,931828,2023-12-08 00:00:00+00:00,1.0,0.0,0.0,1.0
601,2023-12-11,00:00:00,2.34,2.35,2.02,2.31,1019177,2023-12-11 00:00:00+00:00,1.0,0.0,0.0,1.0
602,2023-12-12,00:00:00,2.34,2.37,2.28,2.35,462064,2023-12-12 00:00:00+00:00,1.0,0.0,0.0,1.0
603,2023-12-13,00:00:00,2.34,2.44,2.2887,2.44,557596,2023-12-13 00:00:00+00:00,1.0,0.0,0.0,1.0
604,2023-12-14,00:00:00,2.45,2.83,2.45,2.76,1345035,2023-12-14 00:00:00+00:00,1.0,0.0,0.0,1.0
605,2023-12-15,00:00:00,2.76,2.92,2.61,2.73,1584233,2023-12-15 00:00:00+00:00,1.0,0.0,0.0,1.0
606,2023-12-18,00:00:00,2.73,3.06,2.62,3.01,1185652,2023-12-18 00:00:00+00:00,1.0,0.0,0.0,1.0
607,2023-12-19,00:00:00,3.01,3.16,2.78,3.14,1204697,2023-12-19 00:00:00+00:00,1.0,0.0,0.0,1.0
608,2023-12-20,00:00:00,3.11,3.6185,3.01,3.06,2023193,2023-12-20 00:00:00+00:00,1.0,0.0,0.0,1.0
609,2023-12-21,00:00:00,3.0,3.4798,2.84,3.25,1041634,2023-12-21 00:00:00+00:00,1.0,0.0,0.0,1.0
610,2023-12-22,00:00:00,3.29,3.53,3.25,3.32,802755,2023-12-22 00:00:00+00:00,1.0,0.0,0.0,1.0
611,2023-12-26,00:00:00,3.44,4.5,3.44,4.0,3527161,2023-12-26 00:00:00+00:00,1.0,0.0,0.0,1.0
612,2023-12-27,00:00:00,4.17,5.2256,4.05,4.79,3308697,2023-12-27 00:00:00+00:00,1.0,0.0,0.0,1.0
613,2023-12-28,00:00:00,4.9,5.47,4.55,4.6,3017810,2023-12-28 00:00:00+00:00,1.0,0.0,0.0,1.0
614,2023-12-29,00:00:00,4.78,4.862,4.13,4.2,1883463,2023-12-29 00:00:00+00:00,1.0,0.0,0.0,1.0
615,2024-01-02,00:00:00,4.11,4.3068,3.6013,3.69,2049842,2024-01-02 00:00:00+00:00,1.0,0.0,0.0,1.0
616,2024-01-03,00:00:00,3.56,3.8,3.46,3.57,1344302,2024-01-03 00:00:00+00:00,1.0,0.0,0.0,1.0
617,2024-01-04,00:00:00,3.55,3.9899,3.48,3.72,1455885,2024-01-04 00:00:00+00:00,1.0,0.0,0.0,1.0
618,2024-01-05,00:00:00,3.89,3.89,3.45,3.62,1276467,2024-01-05 00:00:00+00:00,1.0,0.0,0.0,1.0
619,2024-01-08,00:00:00,3.62,4.18,3.52,4.18,1501526,2024-01-08 00:00:00+00:00,1.0,0.0,0.0,1.0
620,2024-01-09,00:00:00,4.18,4.22,3.95,4.11,1422518,2024-01-09 00:00:00+00:00,1.0,0.0,0.0,1.0
621,2024-01-10,00:00:00,4.18,4.545,4.14,4.4,1657806,2024-01-10 00:00:00+00:00,1.0,0.0,0.0,1.0
622,2024-01-11,00:00:00,4.6,4.62,4.02,4.13,1769667,2024-01-11 00:00:00+00:00,1.0,0.0,0.0,1.0
623,2024-01-12,00:00:00,4.13,4.38,3.94,3.99,1064944,2024-01-12 00:00:00+00:00,1.0,0.0,0.0,1.0
624,2024-01-16,00:00:00,3.94,4.06,3.765,4.03,1821828,2024-01-16 00:00:00+00:00,1.0,0.0,0.0,1.0
625,2024-01-17,00:00:00,3.95,4.02,3.555,3.64,1150276,2024-01-17 00:00:00+00:00,1.0,0.0,0.0,1.0
626,2024-01-18,00:00:00,3.66,3.71,3.52,3.62,957028,2024-01-18 00:00:00+00:00,1.0,0.0,0.0,1.0
627,2024-01-19,00:00:00,3.59,3.59,3.09,3.41,1629242,2024-01-19 00:00:00+00:00,1.0,0.0,0.0,1.0
628,2024-01-22,00:00:00,3.43,3.7,3.4,3.615,773425,2024-01-22 00:00:00+00:00,1.0,0.0,0.0,1.0
629,2024-01-23,00:00:00,3.76,3.8,3.56,3.65,913110,2024-01-23 00:00:00+00:00,1.0,0.0,0.0,1.0
630,2024-01-24,00:00:00,3.73,3.73,3.49,3.52,692192,2024-01-24 00:00:00+00:00,1.0,0.0,0.0,1.0
631,2024-01-25,00:00:00,3.56,3.66,3.39,3.65,1098899,2024-01-25 00:00:00+00:00,1.0,0.0,0.0,1.0
632,2024-01-26,00:00:00,3.65,3.84,3.53,3.71,1051793,2024-01-26 00:00:00+00:00,1.0,0.0,0.0,1.0
633,2024-01-29,00:00:00,3.72,4.01,3.58,3.98,1387454,2024-01-29 00:00:00+00:00,1.0,0.0,0.0,1.0
634,2024-01-30,00:00:00,3.98,4.205,3.83,3.855,2776107,2024-01-30 00:00:00+00:00,1.0,0.0,0.0,1.0
635,2024-01-31,00:00:00,3.93,4.265,3.9,3.96,1405792,2024-01-31 00:00:00+00:00,1.0,0.0,0.0,1.0
636,2024-02-01,00:00:00,4.02,4.52,4.02,4.4,1654142,2024-02-01 00:00:00+00:00,1.0,0.0,0.0,1.0
637,2024-02-02,00:00:00,4.55,4.55,4.0685,4.43,2265859,2024-02-02 00:00:00+00:00,1.0,0.0,0.0,1.0
638,2024-02-05,00:00:00,4.31,4.31,3.97,3.99,1077904,2024-02-05 00:00:00+00:00,1.0,0.0,0.0,1.0
639,2024-02-06,00:00:00,4.08,4.39,4.0484,4.34,1093937,2024-02-06 00:00:00+00:00,1.0,0.0,0.0,1.0
640,2024-02-07,00:00:00,4.35,4.35,3.9006,3.97,975028,2024-02-07 00:00:00+00:00,1.0,0.0,0.0,1.0
641,2024-02-08,00:00:00,3.97,4.14,3.81,4.11,789251,2024-02-08 00:00:00+00:00,1.0,0.0,0.0,1.0
642,2024-02-09,00:00:00,4.15,4.56,3.96,4.3,2913952,2024-02-09 00:00:00+00:00,1.0,0.0,0.0,1.0
643,2024-02-12,00:00:00,4.47,4.65,4.31,4.54,1280332,2024-02-12 00:00:00+00:00,1.0,0.0,0.0,1.0
644,2024-02-13,00:00:00,4.19,4.375,4.0,4.36,1447163,2024-02-13 00:00:00+00:00,1.0,0.0,0.0,1.0
645,2024-02-14,00:00:00,4.5,4.85,4.4099,4.7,1449559,2024-02-14 00:00:00+00:00,1.0,0.0,0.0,1.0
646,2024-02-15,00:00:00,4.9,5.265,4.72,5.15,1879958,2024-02-15 00:00:00+00:00,1.0,0.0,0.0,1.0
647,2024-02-16,00:00:00,5.2,5.405,4.9101,5.33,1995352,2024-02-16 00:00:00+00:00,1.0,0.0,0.0,1.0
648,2024-02-20,00:00:00,5.3,5.3,4.64,4.81,2080680,2024-02-20 00:00:00+00:00,1.0,0.0,0.0,1.0
649,2024-02-21,00:00:00,4.7,5.0,4.67,4.915,739990,2024-02-21 00:00:00+00:00,1.0,0.0,0.0,1.0
650,2024-02-22,00:00:00,5.03,5.27,4.65,4.68,1202934,2024-02-22 00:00:00+00:00,1.0,0.0,0.0,1.0
651,2024-02-23,00:00:00,4.73,4.85,4.51,4.69,865615,2024-02-23 00:00:00+00:00,1.0,0.0,0.0,1.0
652,2024-02-26,00:00:00,4.65,4.97,4.65,4.9,631090,2024-02-26 00:00:00+00:00,1.0,0.0,0.0,1.0
653,2024-02-27,00:00:00,5.0,5.07,4.84,4.92,1048698,2024-02-27 00:00:00+00:00,1.0,0.0,0.0,1.0
654,2024-02-28,00:00:00,4.5,4.96,4.4,4.69,7782788,2024-02-28 00:00:00+00:00,1.0,0.0,0.0,1.0
655,2024-02-29,00:00:00,4.83,5.17,4.62,5.16,3037150,2024-02-29 00:00:00+00:00,1.0,0.0,0.0,1.0
656,2024-03-01,00:00:00,5.15,5.58,5.0,5.46,3199507,2024-03-01 00:00:00+00:00,1.0,0.0,0.0,1.0
657,2024-03-04,00:00:00,5.74,6.4,5.332,5.74,2939847,2024-03-04 00:00:00+00:00,1.0,0.0,0.0,1.0
658,2024-03-05,00:00:00,5.69,5.73,5.15,5.26,1822052,2024-03-05 00:00:00+00:00,1.0,0.0,0.0,1.0
659,2024-03-06,00:00:00,5.7,5.85,5.3,5.36,1445390,2024-03-06 00:00:00+00:00,1.0,0.0,0.0,1.0
660,2024-03-07,00:00:00,5.38,5.51,5.03,5.13,1459852,2024-03-07 00:00:00+00:00,1.0,0.0,0.0,1.0
661,2024-03-08,00:00:00,5.21,5.75,4.94,5.02,1925664,2024-03-08 00:00:00+00:00,1.0,0.0,0.0,1.0
662,2024-03-11,00:00:00,4.96,5.21,4.63,4.7,1378189,2024-03-11 00:00:00+00:00,1.0,0.0,0.0,1.0
663,2024-03-12,00:00:00,4.73,5.03,4.64,4.94,1273750,2024-03-12 00:00:00+00:00,1.0,0.0,0.0,1.0
664,2024-03-13,00:00:00,4.9,5.12,4.84,4.88,1033399,2024-03-13 00:00:00+00:00,1.0,0.0,0.0,1.0
665,2024-03-14,00:00:00,5.07,5.1968,4.65,4.79,1100794,2024-03-14 00:00:00+00:00,1.0,0.0,0.0,1.0
666,2024-03-15,00:00:00,4.78,5.005,4.76,4.9,1140859,2024-03-15 00:00:00+00:00,1.0,0.0,0.0,1.0
667,2024-03-18,00:00:00,4.94,4.94,4.58,4.66,991487,2024-03-18 00:00:00+00:00,1.0,0.0,0.0,1.0
668,2024-03-19,00:00:00,4.64,4.91,4.39,4.81,1133518,2024-03-19 00:00:00+00:00,1.0,0.0,0.0,1.0
669,2024-03-20,00:00:00,4.81,5.2,4.72,5.09,848044,2024-03-20 00:00:00+00:00,1.0,0.0,0.0,1.0
670,2024-03-21,00:00:00,5.24,5.57,5.16,5.28,1561989,2024-03-21 00:00:00+00:00,1.0,0.0,0.0,1.0
671,2024-03-22,00:00:00,5.28,5.28,4.87,4.95,1106703,2024-03-22 00:00:00+00:00,1.0,0.0,0.0,1.0
672,2024-03-25,00:00:00,4.95,5.07,4.895,5.06,1226016,2024-03-25 00:00:00+00:00,1.0,0.0,0.0,1.0
673,2024-03-26,00:00:00,5.11,5.56,5.11,5.21,2082186,2024-03-26 00:00:00+00:00,1.0,0.0,0.0,1.0
674,2024-03-27,00:00:00,5.27,5.655,5.145,5.54,1449813,2024-03-27 00:00:00+00:00,1.0,0.0,0.0,1.0
675,2024-03-28,00:00:00,5.54,5.76,5.51,5.68,1217894,2024-03-28 00:00:00+00:00,1.0,0.0,0.0,1.0
676,2024-04-01,00:00:00,5.73,5.73,5.4386,5.61,945318,2024-04-01 00:00:00+00:00,1.0,0.0,0.0,1.0
677,2024-04-02,00:00:00,5.37,5.405,5.1,5.14,1841589,2024-04-02 00:00:00+00:00,1.0,0.0,0.0,1.0
678,2024-04-03,00:00:00,5.1,5.36,4.91,5.31,962251,2024-04-03 00:00:00+00:00,1.0,0.0,0.0,1.0
679,2024-04-04,00:00:00,5.38,5.63,5.263,5.59,999225,2024-04-04 00:00:00+00:00,1.0,0.0,0.0,1.0
680,2024-04-05,00:00:00,5.53,5.74,5.44,5.74,952406,2024-04-05 00:00:00+00:00,1.0,0.0,0.0,1.0
681,2024-04-08,00:00:00,5.72,5.76,5.485,5.64,1018561,2024-04-08 00:00:00+00:00,1.0,0.0,0.0,1.0
682,2024-04-09,00:00:00,5.61,6.72,5.61,6.585,3301623,2024-04-09 00:00:00+00:00,1.0,1.0,0.0,0.0
683,2024-04-10,00:00:00,6.29,6.38,5.86,6.08,2271616,2024-04-10 00:00:00+00:00,1.0,1.0,0.0,0.0
684,2024-04-11,00:00:00,6.12,6.27,5.86,6.085,1152983,2024-04-11 00:00:00+00:00,1.0,1.0,0.0,0.0
685,2024-04-12,00:00:00,6.01,6.02,5.65,5.83,1271709,2024-04-12 00:00:00+00:00,1.0,1.0,0.0,0.0
686,2024-04-15,00:00:00,5.82,5.87,5.34,5.43,1417333,2024-04-15 00:00:00+00:00,1.0,1.0,0.0,0.0
687,2024-04-16,00:00:00,5.32,5.5,5.24,5.38,1347613,2024-04-16 00:00:00+00:00,1.0,1.0,0.0,0.0
688,2024-04-17,00:00:00,5.4,5.57,5.25,5.29,1155447,2024-04-17 00:00:00+00:00,1.0,1.0,0.0,0.0
689,2024-04-18,00:00:00,5.26,5.38,4.95,4.97,1102324,2024-04-18 00:00:00+00:00,1.0,1.0,0.0,0.0
690,2024-04-19,00:00:00,4.95,5.04,4.7,4.77,1258457,2024-04-19 00:00:00+00:00,1.0,1.0,0.0,0.0
691,2024-04-22,00:00:00,4.77,4.88,4.48,4.51,1622829,2024-04-22 00:00:00+00:00,1.0,1.0,0.0,0.0
692,2024-04-23,00:00:00,4.45,5.06,4.44,4.71,1238718,2024-04-23 00:00:00+00:00,1.0,1.0,0.0,0.0
693,2024-04-24,00:00:00,4.71,4.89,4.48,4.53,854638,2024-04-24 00:00:00+00:00,1.0,1.0,0.0,0.0
694,2024-04-25,00:00:00,4.51,4.54,4.27,4.455,807087,2024-04-25 00:00:00+00:00,1.0,1.0,0.0,0.0
695,2024-04-26,00:00:00,4.5,4.68,4.4691,4.58,640076,2024-04-26 00:00:00+00:00,1.0,1.0,0.0,0.0
696,2024-04-29,00:00:00,4.67,4.88,4.63,4.78,679902,2024-04-29 00:00:00+00:00,1.0,1.0,0.0,0.0
697,2024-04-30,00:00:00,4.71,4.82,4.66,4.74,642744,2024-04-30 00:00:00+00:00,1.0,1.0,0.0,0.0
698,2024-05-01,00:00:00,4.86,5.37,4.805,5.19,1040327,2024-05-01 00:00:00+00:00,1.0,1.0,0.0,0.0
699,2024-05-02,00:00:00,5.23,5.31,4.9,4.98,660927,2024-05-02 00:00:00+00:00,1.0,1.0,0.0,0.0
700,2024-05-03,00:00:00,5.23,5.44,5.055,5.08,536637,2024-05-03 00:00:00+00:00,1.0,1.0,0.0,0.0
701,2024-05-06,00:00:00,5.17,5.265,5.08,5.21,476905,2024-05-06 00:00:00+00:00,1.0,1.0,0.0,0.0
702,2024-05-07,00:00:00,5.24,5.24,4.95,5.0,805566,2024-05-07 00:00:00+00:00,1.0,1.0,0.0,0.0
703,2024-05-08,00:00:00,4.91,5.1,4.81,4.94,349877,2024-05-08 00:00:00+00:00,1.0,1.0,0.0,0.0
704,2024-05-09,00:00:00,4.98,5.16,4.94,5.14,496508,2024-05-09 00:00:00+00:00,1.0,1.0,0.0,0.0
705,2024-05-10,00:00:00,5.14,5.19,4.81,4.91,709065,2024-05-10 00:00:00+00:00,1.0,1.0,0.0,0.0
706,2024-05-13,00:00:00,4.93,5.25,4.91,5.06,876825,2024-05-13 00:00:00+00:00,1.0,1.0,0.0,0.0
707,2024-05-14,00:00:00,4.6,5.35,4.4903,4.83,698995,2024-05-14 00:00:00+00:00,1.0,1.0,0.0,0.0
708,2024-05-15,00:00:00,4.96,5.09,4.7001,4.825,597579,2024-05-15 00:00:00+00:00,1.0,1.0,0.0,0.0
709,2024-05-16,00:00:00,4.85,4.865,4.64,4.74,692298,2024-05-16 00:00:00+00:00,1.0,1.0,0.0,0.0
710,2024-05-17,00:00:00,4.75,4.75,4.58,4.615,551334,2024-05-17 00:00:00+00:00,1.0,1.0,0.0,0.0
711,2024-05-20,00:00:00,4.57,4.6701,4.43,4.61,817087,2024-05-20 00:00:00+00:00,1.0,1.0,0.0,0.0
712,2024-05-21,00:00:00,4.7,4.905,4.64,4.79,1265606,2024-05-21 00:00:00+00:00,1.0,1.0,0.0,0.0
713,2024-05-22,00:00:00,4.85,5.04,4.58,4.61,1185071,2024-05-22 00:00:00+00:00,1.0,1.0,0.0,0.0
714,2024-05-23,00:00:00,4.65,4.7,4.23,4.35,1227589,2024-05-23 00:00:00+00:00,1.0,1.0,0.0,0.0
715,2024-05-24,00:00:00,4.43,4.435,4.16,4.21,875885,2024-05-24 00:00:00+00:00,1.0,1.0,0.0,0.0
716,2024-05-28,00:00:00,4.29,4.43,4.195,4.27,1757859,2024-05-28 00:00:00+00:00,1.0,1.0,0.0,0.0
717,2024-05-29,00:00:00,4.18,4.22,4.01,4.18,1860441,2024-05-29 00:00:00+00:00,1.0,1.0,0.0,0.0
718,2024-05-30,00:00:00,4.23,4.445,4.15,4.25,1200018,2024-05-30 00:00:00+00:00,1.0,1.0,0.0,0.0
719,2024-05-31,00:00:00,4.21,4.39,4.12,4.21,1075101,2024-05-31 00:00:00+00:00,1.0,1.0,0.0,0.0
720,2024-06-03,00:00:00,4.27,4.48,4.16,4.25,1174354,2024-06-03 00:00:00+00:00,1.0,1.0,0.0,0.0
721,2024-06-04,00:00:00,4.22,4.4,4.205,4.35,1302063,2024-06-04 00:00:00+00:00,1.0,1.0,0.0,0.0
722,2024-06-05,00:00:00,4.38,4.63,4.3,4.62,898920,2024-06-05 00:00:00+00:00,1.0,1.0,0.0,0.0
723,2024-06-06,00:00:00,4.62,4.65,4.24,4.37,898615,2024-06-06 00:00:00+00:00,1.0,1.0,0.0,0.0
724,2024-06-07,00:00:00,4.28,4.38,4.21,4.38,593644,2024-06-07 00:00:00+00:00,1.0,1.0,0.0,0.0
725,2024-06-10,00:00:00,4.39,4.6,4.3002,4.52,1096996,2024-06-10 00:00:00+00:00,1.0,1.0,0.0,0.0
726,2024-06-11,00:00:00,4.5,4.521,4.37,4.51,831494,2024-06-11 00:00:00+00:00,1.0,1.0,0.0,0.0
727,2024-06-12,00:00:00,4.68,4.98,4.6299,4.96,1464371,2024-06-12 00:00:00+00:00,1.0,1.0,0.0,0.0
728,2024-06-13,00:00:00,4.98,5.2,4.34,4.37,2706780,2024-06-13 00:00:00+00:00,1.0,1.0,0.0,0.0
729,2024-06-14,00:00:00,4.35,4.37,3.92,3.98,1763519,2024-06-14 00:00:00+00:00,1.0,1.0,0.0,0.0
730,2024-06-17,00:00:00,3.99,4.015,3.19,3.41,3283971,2024-06-17 00:00:00+00:00,1.0,1.0,0.0,0.0
731,2024-06-18,00:00:00,3.42,3.59,3.35,3.48,1491290,2024-06-18 00:00:00+00:00,1.0,1.0,0.0,0.0
732,2024-06-20,00:00:00,3.5,3.5,2.795,2.92,3968840,2024-06-20 00:00:00+00:00,1.0,1.0,0.0,0.0
733,2024-06-21,00:00:00,2.98,3.02,2.86,3.02,4598018,2024-06-21 00:00:00+00:00,1.0,1.0,0.0,0.0
734,2024-06-24,00:00:00,3.03,3.11,2.97,3.04,2158109,2024-06-24 00:00:00+00:00,1.0,1.0,0.0,0.0
735,2024-06-25,00:00:00,3.05,3.15,2.93,2.94,1675408,2024-06-25 00:00:00+00:00,1.0,1.0,0.0,0.0
736,2024-06-26,00:00:00,2.92,3.11,2.9,3.07,1313933,2024-06-26 00:00:00+00:00,1.0,1.0,0.0,0.0
737,2024-06-27,00:00:00,3.09,3.2,2.995,3.05,1511602,2024-06-27 00:00:00+00:00,1.0,1.0,0.0,0.0
738,2024-06-28,00:00:00,3.04,3.17,2.96,3.08,12564170,2024-06-28 00:00:00+00:00,1.0,1.0,0.0,0.0
739,2024-07-01,00:00:00,3.08,3.125,2.93,3.01,1138258,2024-07-01 00:00:00+00:00,1.0,1.0,0.0,0.0
740,2024-07-02,00:00:00,2.97,3.03,2.915,2.97,841695,2024-07-02 00:00:00+00:00,1.0,1.0,0.0,0.0
741,2024-07-03,00:00:00,3.39,3.5499,3.13,3.18,1334721,2024-07-03 00:00:00+00:00,1.0,1.0,0.0,0.0
742,2024-07-05,00:00:00,3.27,3.38,3.085,3.17,1109940,2024-07-05 00:00:00+00:00,1.0,1.0,0.0,0.0
743,2024-07-08,00:00:00,3.35,3.7,3.23,3.3,2528715,2024-07-08 00:00:00+00:00,1.0,1.0,0.0,0.0
744,2024-07-09,00:00:00,3.33,3.68,3.2622,3.64,2169731,2024-07-09 00:00:00+00:00,1.0,1.0,0.0,0.0
745,2024-07-10,00:00:00,3.75,3.81,3.51,3.61,1439943,2024-07-10 00:00:00+00:00,1.0,1.0,0.0,0.0
746,2024-07-11,00:00:00,3.69,4.04,3.57,4.03,2438590,2024-07-11 00:00:00+00:00,1.0,1.0,0.0,0.0
747,2024-07-12,00:00:00,4.1,4.34,3.91,4.03,2696164,2024-07-12 00:00:00+00:00,1.0,1.0,0.0,0.0
748,2024-07-15,00:00:00,4.2,4.2,3.85,3.95,1553977,2024-07-15 00:00:00+00:00,1.0,1.0,0.0,0.0
749,2024-07-16,00:00:00,4.055,4.55,4.035,4.35,2539160,2024-07-16 00:00:00+00:00,1.0,1.0,0.0,0.0
750,2024-07-17,00:00:00,4.26,4.5,4.18,4.38,2144074,2024-07-17 00:00:00+00:00,1.0,1.0,0.0,0.0
751,2024-07-18,00:00:00,4.4,4.505,4.005,4.11,2252438,2024-07-18 00:00:00+00:00,1.0,0.0,0.0,1.0
752,2024-07-19,00:00:00,4.15,4.2,3.94,3.97,1494169,2024-07-19 00:00:00+00:00,1.0,0.0,0.0,1.0
753,2024-07-22,00:00:00,4.0,4.11,3.76,4.1,1075209,2024-07-22 00:00:00+00:00,1.0,0.0,0.0,1.0
754,2024-07-23,00:00:00,4.05,4.54,4.04,4.45,1067587,2024-07-23 00:00:00+00:00,1.0,0.0,0.0,1.0
755,2024-07-24,00:00:00,4.39,4.49,4.22,4.22,958886,2024-07-24 00:00:00+00:00,1.0,0.0,0.0,1.0
756,2024-07-25,00:00:00,4.22,4.5,4.15,4.38,751008,2024-07-25 00:00:00+00:00,1.0,0.0,0.0,1.0
757,2024-07-26,00:00:00,4.5,4.54,4.38,4.48,735264,2024-07-26 00:00:00+00:00,1.0,0.0,0.0,1.0
758,2024-07-29,00:00:00,4.55,4.7,4.3,4.46,854268,2024-07-29 00:00:00+00:00,1.0,0.0,0.0,1.0
759,2024-07-30,00:00:00,4.46,4.59,4.175,4.23,646060,2024-07-30 00:00:00+00:00,1.0,0.0,0.0,1.0
760,2024-07-31,00:00:00,4.31,4.6,4.21,4.4,822967,2024-07-31 00:00:00+00:00,1.0,0.0,0.0,1.0
761,2024-08-01,00:00:00,4.4,4.47,4.01,4.04,821647,2024-08-01 00:00:00+00:00,1.0,0.0,0.0,1.0
762,2024-08-02,00:00:00,3.75,3.91,3.61,3.91,1380626,2024-08-02 00:00:00+00:00,1.0,0.0,0.0,1.0
763,2024-08-05,00:00:00,3.46,3.625,3.34,3.58,1347401,2024-08-05 00:00:00+00:00,1.0,0.0,0.0,1.0
764,2024-08-06,00:00:00,3.6,3.9,3.44,3.74,733895,2024-08-06 00:00:00+00:00,1.0,0.0,0.0,1.0
765,2024-08-07,00:00:00,3.87,3.92,3.59,3.64,1009662,2024-08-07 00:00:00+00:00,1.0,0.0,0.0,1.0
766,2024-08-08,00:00:00,3.71,3.83,3.66,3.77,690228,2024-08-08 00:00:00+00:00,1.0,0.0,0.0,1.0
767,2024-08-09,00:00:00,3.76,3.7999,3.645,3.69,775783,2024-08-09 00:00:00+00:00,1.0,0.0,0.0,1.0
768,2024-08-12,00:00:00,3.73,3.78,3.56,3.66,670735,2024-08-12 00:00:00+00:00,1.0,0.0,0.0,1.0
769,2024-08-13,00:00:00,3.67,3.94,3.55,3.88,958360,2024-08-13 00:00:00+00:00,1.0,0.0,0.0,1.0
770,2024-08-14,00:00:00,3.97,3.97,3.675,3.73,1167636,2024-08-14 00:00:00+00:00,1.0,0.0,0.0,1.0
771,2024-08-15,00:00:00,3.74,4.345,3.74,4.14,2117687,2024-08-15 00:00:00+00:00,1.0,0.0,0.0,1.0
772,2024-08-16,00:00:00,4.2,4.42,3.935,4.01,1326330,2024-08-16 00:00:00+00:00,1.0,0.0,0.0,1.0
773,2024-08-19,00:00:00,4.09,4.24,3.98,4.17,1137768,2024-08-19 00:00:00+00:00,1.0,0.0,0.0,1.0
774,2024-08-20,00:00:00,4.18,4.3,4.06,4.23,848432,2024-08-20 00:00:00+00:00,1.0,0.0,0.0,1.0
775,2024-08-21,00:00:00,4.26,4.37,4.136,4.35,741781,2024-08-21 00:00:00+00:00,1.0,0.0,0.0,1.0
776,2024-08-22,00:00:00,4.4,4.49,4.21,4.23,769206,2024-08-22 00:00:00+00:00,1.0,0.0,0.0,1.0
777,2024-08-23,00:00:00,4.3,4.5,4.23,4.49,747929,2024-08-23 00:00:00+00:00,1.0,0.0,0.0,1.0
778,2024-08-26,00:00:00,4.49,4.6,4.42,4.49,662747,2024-08-26 00:00:00+00:00,1.0,0.0,0.0,1.0
779,2024-08-27,00:00:00,4.45,4.51,4.26,4.49,673044,2024-08-27 00:00:00+00:00,1.0,0.0,0.0,1.0
780,2024-08-28,00:00:00,4.45,4.49,4.19,4.39,900880,2024-08-28 00:00:00+00:00,1.0,0.0,0.0,1.0
781,2024-08-29,00:00:00,4.47,4.575,4.285,4.3,891266,2024-08-29 00:00:00+00:00,1.0,0.0,0.0,1.0
782,2024-08-30,00:00:00,4.36,4.42,4.27,4.4,674277,2024-08-30 00:00:00+00:00,1.0,0.0,0.0,1.0
783,2024-09-03,00:00:00,4.37,4.45,3.95,3.99,1040657,2024-09-03 00:00:00+00:00,1.0,0.0,0.0,1.0
784,2024-09-04,00:00:00,3.91,4.14,3.8201,4.05,688631,2024-09-04 00:00:00+00:00,1.0,0.0,0.0,1.0
785,2024-09-05,00:00:00,4.12,4.225,4.01,4.13,786058,2024-09-05 00:00:00+00:00,1.0,0.0,0.0,1.0
786,2024-09-06,00:00:00,4.13,4.21,3.89,4.02,690226,2024-09-06 00:00:00+00:00,1.0,0.0,0.0,1.0
787,2024-09-09,00:00:00,4.0,4.1,3.49,3.5,1994452,2024-09-09 00:00:00+00:00,1.0,0.0,0.0,1.0
788,2024-09-10,00:00:00,3.49,3.67,3.36,3.67,2197685,2024-09-10 00:00:00+00:00,1.0,0.0,0.0,1.0
789,2024-09-11,00:00:00,3.63,3.695,3.58,3.65,921625,2024-09-11 00:00:00+00:00,1.0,0.0,0.0,1.0
790,2024-09-12,00:00:00,3.67,3.78,3.59,3.69,531145,2024-09-12 00:00:00+00:00,0.0,0.0,1.0,1.0
791,2024-09-13,00:00:00,3.76,3.925,3.76,3.9,591050,2024-09-13 00:00:00+00:00,0.0,0.0,1.0,1.0
792,2024-09-16,00:00:00,3.91,3.91,3.74,3.85,769213,2024-09-16 00:00:00+00:00,0.0,0.0,1.0,1.0
793,2024-09-17,00:00:00,3.9,4.01,3.85,3.95,686042,2024-09-17 00:00:00+00:00,0.0,0.0,1.0,1.0
794,2024-09-18,00:00:00,3.93,4.19,3.895,3.98,770293,2024-09-18 00:00:00+00:00,0.0,0.0,1.0,1.0
795,2024-09-19,00:00:00,4.1,4.32,4.0399,4.31,1237317,2024-09-19 00:00:00+00:00,0.0,0.0,1.0,1.0
796,2024-09-20,00:00:00,4.31,4.44,4.06,4.32,1692504,2024-09-20 00:00:00+00:00,0.0,0.0,1.0,1.0
797,2024-09-23,00:00:00,4.32,4.36,3.98,4.03,856030,2024-09-23 00:00:00+00:00,0.0,0.0,1.0,1.0
798,2024-09-24,00:00:00,4.06,4.06,3.8709,3.96,599910,2024-09-24 00:00:00+00:00,0.0,1.0,1.0,0.0
799,2024-09-25,00:00:00,3.95,3.99,3.83,3.88,734774,2024-09-25 00:00:00+00:00,0.0,1.0,1.0,0.0
800,2024-09-26,00:00:00,3.94,4.13,3.86,4.11,810607,2024-09-26 00:00:00+00:00,0.0,1.0,1.0,0.0
801,2024-09-27,00:00:00,4.13,4.17,3.93,3.97,544798,2024-09-27 00:00:00+00:00,0.0,1.0,1.0,0.0
802,2024-09-30,00:00:00,3.94,4.015,3.75,3.82,523619,2024-09-30 00:00:00+00:00,0.0,1.0,1.0,0.0
803,2024-10-01,00:00:00,3.82,3.85,3.53,3.62,1053940,2024-10-01 00:00:00+00:00,0.0,1.0,1.0,0.0
804,2024-10-02,00:00:00,3.75,3.805,3.62,3.8,885718,2024-10-02 00:00:00+00:00,0.0,1.0,1.0,0.0
805,2024-10-03,00:00:00,3.74,3.905,3.73,3.81,572915,2024-10-03 00:00:00+00:00,0.0,1.0,1.0,0.0
806,2024-10-04,00:00:00,3.9,4.01,3.85,3.88,837322,2024-10-04 00:00:00+00:00,0.0,1.0,1.0,0.0
807,2024-10-07,00:00:00,3.9,3.949,3.79,3.92,453195,2024-10-07 00:00:00+00:00,0.0,1.0,1.0,0.0
808,2024-10-08,00:00:00,3.94,4.03,3.85,3.94,552596,2024-10-08 00:00:00+00:00,0.0,1.0,1.0,0.0
809,2024-10-09,00:00:00,3.94,4.0,3.77,3.81,725645,2024-10-09 00:00:00+00:00,0.0,1.0,1.0,0.0
810,2024-10-10,00:00:00,3.81,3.81,3.685,3.79,564009,2024-10-10 00:00:00+00:00,0.0,1.0,1.0,0.0
811,2024-10-11,00:00:00,3.78,4.09,3.75,4.07,1175420,2024-10-11 00:00:00+00:00,0.0,1.0,1.0,0.0
812,2024-10-14,00:00:00,4.05,4.135,3.95,4.1,571523,2024-10-14 00:00:00+00:00,0.0,1.0,1.0,0.0
813,2024-10-15,00:00:00,4.05,4.07,3.87,3.98,619170,2024-10-15 00:00:00+00:00,0.0,1.0,1.0,0.0
814,2024-10-16,00:00:00,4.0,4.24,3.99,4.13,744076,2024-10-16 00:00:00+00:00,0.0,0.0,1.0,1.0
815,2024-10-17,00:00:00,4.13,4.14,4.01,4.02,484765,2024-10-17 00:00:00+00:00,0.0,0.0,1.0,1.0
816,2024-10-18,00:00:00,4.11,4.21,4.055,4.21,478544,2024-10-18 00:00:00+00:00,0.0,0.0,1.0,1.0
817,2024-10-21,00:00:00,4.19,4.2,3.97,4.04,722476,2024-10-21 00:00:00+00:00,0.0,0.0,1.0,1.0
818,2024-10-22,00:00:00,4.02,4.16,3.98,4.14,460760,2024-10-22 00:00:00+00:00,0.0,0.0,1.0,1.0
819,2024-10-23,00:00:00,4.09,4.125,3.98,4.11,610992,2024-10-23 00:00:00+00:00,0.0,0.0,1.0,1.0
820,2024-10-24,00:00:00,4.17,4.23,4.02,4.11,738263,2024-10-24 00:00:00+00:00,0.0,0.0,1.0,1.0
821,2024-10-25,00:00:00,4.15,4.24,4.055,4.07,645477,2024-10-25 00:00:00+00:00,0.0,0.0,1.0,1.0
822,2024-10-28,00:00:00,4.06,4.4,4.06,4.29,1727827,2024-10-28 00:00:00+00:00,0.0,0.0,1.0,1.0
823,2024-10-29,00:00:00,4.33,4.35,4.135,4.17,1097939,2024-10-29 00:00:00+00:00,0.0,0.0,1.0,1.0
824,2024-10-30,00:00:00,4.2,4.265,4.105,4.14,1529647,2024-10-30 00:00:00+00:00,0.0,0.0,1.0,1.0
825,2024-10-31,00:00:00,4.1,4.1,3.83,3.84,1359359,2024-10-31 00:00:00+00:00,0.0,0.0,1.0,1.0
826,2024-11-01,00:00:00,3.88,3.95,3.72,3.92,1060417,2024-11-01 00:00:00+00:00,0.0,0.0,1.0,1.0
827,2024-11-04,00:00:00,3.88,4.03,3.82,4.0,702187,2024-11-04 00:00:00+00:00,0.0,0.0,1.0,1.0
828,2024-11-05,00:00:00,4.0,4.06,3.855,4.05,700460,2024-11-05 00:00:00+00:00,0.0,0.0,1.0,1.0
829,2024-11-06,00:00:00,4.1,4.23,3.97,4.14,1989129,2024-11-06 00:00:00+00:00,0.0,0.0,1.0,1.0
830,2024-11-07,00:00:00,4.14,4.22,4.01,4.03,948702,2024-11-07 00:00:00+00:00,0.0,0.0,1.0,1.0
831,2024-11-08,00:00:00,4.02,4.095,3.92,4.07,837599,2024-11-08 00:00:00+00:00,0.0,0.0,1.0,1.0
832,2024-11-11,00:00:00,4.2,4.465,4.13,4.28,1967809,2024-11-11 00:00:00+00:00,0.0,0.0,1.0,1.0
833,2024-11-12,00:00:00,4.1,4.1,3.615,3.64,2213435,2024-11-12 00:00:00+00:00,0.0,0.0,1.0,1.0
834,2024-11-13,00:00:00,3.73,3.82,3.13,3.14,1961486,2024-11-13 00:00:00+00:00,1.0,0.0,0.0,1.0
835,2024-11-14,00:00:00,3.2,3.2,2.95,3.015,3287445,2024-11-14 00:00:00+00:00,1.0,0.0,0.0,1.0
836,2024-11-15,00:00:00,3.02,3.0299,2.71,2.84,2439578,2024-11-15 00:00:00+00:00,1.0,0.0,0.0,1.0
837,2024-11-18,00:00:00,2.9,2.9385,2.76,2.77,960292,2024-11-18 00:00:00+00:00,1.0,0.0,0.0,1.0
838,2024-11-19,00:00:00,2.77,2.77,2.45,2.72,1595209,2024-11-19 00:00:00+00:00,1.0,0.0,0.0,1.0
839,2024-11-20,00:00:00,2.69,2.72,2.55,2.68,1059977,2024-11-20 00:00:00+00:00,1.0,0.0,0.0,1.0
840,2024-11-21,00:00:00,2.66,2.695,2.52,2.55,1673794,2024-11-21 00:00:00+00:00,1.0,0.0,0.0,1.0
841,2024-11-22,00:00:00,2.58,2.64,2.52,2.56,1091751,2024-11-22 00:00:00+00:00,1.0,0.0,0.0,1.0
842,2024-11-25,00:00:00,2.76,2.98,2.715,2.83,1713166,2024-11-25 00:00:00+00:00,1.0,0.0,0.0,1.0
843,2024-11-26,00:00:00,2.82,2.84,2.74,2.75,1033319,2024-11-26 00:00:00+00:00,1.0,0.0,0.0,1.0
844,2024-11-27,00:00:00,2.81,3.02,2.8,2.94,883192,2024-11-27 00:00:00+00:00,1.0,0.0,0.0,1.0
845,2024-11-29,00:00:00,2.97,3.08,2.9,3.05,488667,2024-11-29 00:00:00+00:00,1.0,0.0,0.0,1.0
846,2024-12-02,00:00:00,3.09,3.23,3.065,3.15,1563967,2024-12-02 00:00:00+00:00,1.0,0.0,0.0,1.0
847,2024-12-03,00:00:00,3.15,3.16,2.94,2.99,1422632,2024-12-03 00:00:00+00:00,1.0,0.0,0.0,1.0
848,2024-12-04,00:00:00,3.11,3.18,3.01,3.09,1420217,2024-12-04 00:00:00+00:00,1.0,0.0,0.0,1.0
849,2024-12-05,00:00:00,3.1,3.12,2.91,2.92,1609836,2024-12-05 00:00:00+00:00,1.0,0.0,0.0,1.0
850,2024-12-06,00:00:00,2.95,3.26,2.95,3.11,3197118,2024-12-06 00:00:00+00:00,1.0,0.0,0.0,1.0
851,2024-12-09,00:00:00,3.25,3.47,3.19,3.21,1957335,2024-12-09 00:00:00+00:00,1.0,0.0,0.0,1.0
852,2024-12-10,00:00:00,3.52,4.1,3.44,4.02,5407516,2024-12-10 00:00:00+00:00,1.0,0.0,0.0,1.0
853,2024-12-11,00:00:00,4.29,4.56,3.9409,4.38,4949799,2024-12-11 00:00:00+00:00,1.0,0.0,0.0,1.0
854,2024-12-12,00:00:00,4.5,4.51,3.46,3.68,6601007,2024-12-12 00:00:00+00:00,1.0,0.0,0.0,1.0
855,2024-12-13,00:00:00,3.73,3.76,3.51,3.695,2436603,2024-12-13 00:00:00+00:00,1.0,0.0,0.0,1.0
856,2024-12-16,00:00:00,3.65,4.11,3.53,3.83,2556781,2024-12-16 00:00:00+00:00,1.0,0.0,0.0,1.0
857,2024-12-17,00:00:00,3.75,3.859,3.32,3.33,2323501,2024-12-17 00:00:00+00:00,1.0,0.0,0.0,1.0
858,2024-12-18,00:00:00,3.35,3.48,2.905,3.04,3397868,2024-12-18 00:00:00+00:00,1.0,0.0,0.0,1.0
859,2024-12-19,00:00:00,3.13,3.15,2.7925,2.92,2637690,2024-12-19 00:00:00+00:00,1.0,0.0,0.0,1.0
860,2024-12-20,00:00:00,2.88,3.085,2.86,2.99,2502806,2024-12-20 00:00:00+00:00,1.0,0.0,0.0,1.0
861,2024-12-23,00:00:00,3.0,3.0,2.865,2.93,1440641,2024-12-23 00:00:00+00:00,1.0,0.0,0.0,1.0
862,2024-12-24,00:00:00,2.92,3.03,2.875,3.01,1155891,2024-12-24 00:00:00+00:00,1.0,0.0,0.0,1.0
863,2024-12-26,00:00:00,3.01,3.09,2.915,2.98,1871878,2024-12-26 00:00:00+00:00,0.0,0.0,1.0,1.0
864,2024-12-27,00:00:00,2.96,3.02,2.72,2.77,2384513,2024-12-27 00:00:00+00:00,0.0,0.0,1.0,1.0
865,2024-12-30,00:00:00,2.72,2.77,2.62,2.65,2266608,2024-12-30 00:00:00+00:00,0.0,0.0,1.0,1.0
866,2024-12-31,00:00:00,2.68,2.69,2.545,2.62,2381235,2024-12-31 00:00:00+00:00,0.0,0.0,1.0,1.0
867,2025-01-02,00:00:00,2.7,2.94,2.625,2.71,2106987,2025-01-02 00:00:00+00:00,0.0,0.0,1.0,1.0
868,2025-01-03,00:00:00,2.72,3.29,2.72,3.26,3306866,2025-01-03 00:00:00+00:00,0.0,0.0,1.0,1.0
869,2025-01-06,00:00:00,3.31,3.64,3.24,3.37,2985130,2025-01-06 00:00:00+00:00,0.0,0.0,1.0,1.0
870,2025-01-07,00:00:00,3.39,3.55,3.06,3.07,2096641,2025-01-07 00:00:00+00:00,0.0,0.0,1.0,1.0
871,2025-01-08,00:00:00,4.09,4.22,3.1,3.22,59357510,2025-01-08 00:00:00+00:00,0.0,0.0,1.0,1.0
872,2025-01-10,00:00:00,3.08,3.09,2.81,2.855,8321583,2025-01-10 00:00:00+00:00,0.0,0.0,1.0,1.0
873,2025-01-13,00:00:00,2.8,2.86,2.7,2.85,3493460,2025-01-13 00:00:00+00:00,0.0,0.0,1.0,1.0
874,2025-01-14,00:00:00,2.85,2.86,2.6626,2.71,3996142,2025-01-14 00:00:00+00:00,0.0,0.0,1.0,1.0
875,2025-01-15,00:00:00,2.84,2.97,2.6545,2.86,4623374,2025-01-15 00:00:00+00:00,0.0,0.0,1.0,1.0
876,2025-01-16,00:00:00,2.84,2.84,2.7,2.8,2569266,2025-01-16 00:00:00+00:00,0.0,0.0,1.0,1.0
877,2025-01-17,00:00:00,2.86,2.99,2.795,2.9,2523047,2025-01-17 00:00:00+00:00,0.0,0.0,1.0,1.0
878,2025-01-21,00:00:00,2.96,3.28,2.85,3.22,4328622,2025-01-21 00:00:00+00:00,0.0,0.0,1.0,1.0
879,2025-01-22,00:00:00,3.47,4.4,3.43,4.03,22697080,2025-01-22 00:00:00+00:00,0.0,1.0,1.0,0.0
880,2025-01-23,00:00:00,3.93,4.2092,3.79,4.17,6996222,2025-01-23 00:00:00+00:00,0.0,1.0,1.0,0.0
881,2025-01-24,00:00:00,4.16,4.31,3.92,4.0,4668762,2025-01-24 00:00:00+00:00,0.0,1.0,1.0,0.0
882,2025-01-27,00:00:00,3.88,4.1981,3.67,3.81,4313359,2025-01-27 00:00:00+00:00,0.0,1.0,1.0,0.0
883,2025-01-28,00:00:00,3.89,3.92,3.5343,3.84,4286457,2025-01-28 00:00:00+00:00,0.0,1.0,1.0,0.0
884,2025-01-29,00:00:00,3.83,4.04,3.67,3.74,2572008,2025-01-29 00:00:00+00:00,0.0,1.0,1.0,0.0
885,2025-01-30,00:00:00,3.78,3.96,3.7,3.82,1993893,2025-01-30 00:00:00+00:00,0.0,1.0,1.0,0.0
886,2025-01-31,00:00:00,3.9,4.01,3.63,3.71,3554895,2025-01-31 00:00:00+00:00,0.0,1.0,1.0,0.0
887,2025-02-03,00:00:00,3.5,3.9,3.4,3.7,3849279,2025-02-03 00:00:00+00:00,0.0,1.0,1.0,0.0
888,2025-02-04,00:00:00,3.7,4.38,3.65,4.35,12405990,2025-02-04 00:00:00+00:00,0.0,1.0,1.0,0.0
889,2025-02-05,00:00:00,4.3,4.88,4.3,4.71,8492713,2025-02-05 00:00:00+00:00,0.0,1.0,1.0,0.0
890,2025-02-06,00:00:00,4.76,4.88,4.49,4.72,4268919,2025-02-06 00:00:00+00:00,0.0,1.0,1.0,0.0
891,2025-02-07,00:00:00,4.71,4.8,4.5,4.67,3464421,2025-02-07 00:00:00+00:00,0.0,1.0,1.0,0.0
892,2025-02-10,00:00:00,4.7,4.75,4.23,4.33,4624325,2025-02-10 00:00:00+00:00,0.0,1.0,1.0,0.0
893,2025-02-11,00:00:00,4.27,4.91,4.17,4.91,6023491,2025-02-11 00:00:00+00:00,0.0,1.0,1.0,0.0
894,2025-02-12,00:00:00,4.84,5.05,4.62,4.99,6453779,2025-02-12 00:00:00+00:00,0.0,1.0,1.0,0.0
895,2025-02-13,00:00:00,5.0,5.05,4.7717,5.0,3048000,2025-02-13 00:00:00+00:00,0.0,1.0,1.0,0.0
896,2025-02-14,00:00:00,5.09,5.85,5.03,5.82,9911300,2025-02-14 00:00:00+00:00,0.0,1.0,1.0,0.0
897,2025-02-18,00:00:00,6.265,6.33,5.66,5.79,9566076,2025-02-18 00:00:00+00:00,0.0,1.0,1.0,0.0
898,2025-02-19,00:00:00,5.79,5.995,5.455,5.57,5452189,2025-02-19 00:00:00+00:00,0.0,1.0,1.0,0.0
899,2025-02-20,00:00:00,5.44,5.54,5.05,5.19,4610249,2025-02-20 00:00:00+00:00,0.0,1.0,1.0,0.0
900,2025-02-21,00:00:00,5.25,5.41,4.79,4.96,4969559,2025-02-21 00:00:00+00:00,0.0,1.0,1.0,0.0
901,2025-02-24,00:00:00,4.92,4.925,4.36,4.475,5689438,2025-02-24 00:00:00+00:00,0.0,1.0,1.0,0.0
902,2025-02-25,00:00:00,4.33,4.35,3.78,4.02,8319793,2025-02-25 00:00:00+00:00,0.0,1.0,1.0,0.0
903,2025-02-26,00:00:00,4.25,4.415,4.06,4.22,3626258,2025-02-26 00:00:00+00:00,0.0,1.0,1.0,0.0
904,2025-02-27,00:00:00,4.32,4.346,4.04,4.04,2980846,2025-02-27 00:00:00+00:00,0.0,1.0,1.0,0.0
905,2025-02-28,00:00:00,3.91,4.16,3.835,3.85,3504779,2025-02-28 00:00:00+00:00,0.0,1.0,1.0,0.0
906,2025-03-03,00:00:00,3.94,3.995,3.37,3.42,4498759,2025-03-03 00:00:00+00:00,0.0,1.0,1.0,0.0
907,2025-03-04,00:00:00,3.25,3.35,3.03,3.27,7347615,2025-03-04 00:00:00+00:00,0.0,1.0,1.0,0.0
908,2025-03-05,00:00:00,3.28,3.405,3.22,3.36,2609677,2025-03-05 00:00:00+00:00,1.0,1.0,0.0,0.0
909,2025-03-06,00:00:00,3.21,3.26,3.02,3.1,4784889,2025-03-06 00:00:00+00:00,1.0,1.0,0.0,0.0
910,2025-03-07,00:00:00,3.1,3.225,3.031,3.12,2715360,2025-03-07 00:00:00+00:00,1.0,1.0,0.0,0.0
911,2025-03-10,00:00:00,3.06,3.14,2.96,3.06,4233689,2025-03-10 00:00:00+00:00,1.0,1.0,0.0,0.0
912,2025-03-11,00:00:00,3.03,3.09,2.865,2.95,4467261,2025-03-11 00:00:00+00:00,1.0,1.0,0.0,0.0
913,2025-03-12,00:00:00,3.07,3.26,3.055,3.12,3268927,2025-03-12 00:00:00+00:00,1.0,1.0,0.0,0.0
914,2025-03-13,00:00:00,3.14,3.18,2.9,2.9,2994404,2025-03-13 00:00:00+00:00,1.0,1.0,0.0,0.0
915,2025-03-14,00:00:00,2.975,3.205,2.9025,3.14,5130965,2025-03-14 00:00:00+00:00,1.0,1.0,0.0,0.0
916,2025-03-17,00:00:00,3.2,3.32,3.115,3.21,3119300,2025-03-17 00:00:00+00:00,1.0,1.0,0.0,0.0
917,2025-03-18,00:00:00,3.14,3.149,2.96,3.08,4643473,2025-03-18 00:00:00+00:00,1.0,1.0,0.0,0.0
918,2025-03-19,00:00:00,3.0,3.09,2.81,2.98,5910308,2025-03-19 00:00:00+00:00,1.0,1.0,0.0,0.0
919,2025-03-20,00:00:00,2.94,3.15,2.93,3.04,3799125,2025-03-20 00:00:00+00:00,1.0,1.0,0.0,0.0
920,2025-03-21,00:00:00,2.98,3.11,2.95,3.01,3208916,2025-03-21 00:00:00+00:00,1.0,1.0,0.0,0.0
921,2025-03-24,00:00:00,3.11,3.16,3.06,3.1,3014922,2025-03-24 00:00:00+00:00,1.0,1.0,0.0,0.0
922,2025-03-25,00:00:00,3.1,3.145,3.01,3.07,2512347,2025-03-25 00:00:00+00:00,1.0,1.0,0.0,0.0
923,2025-03-26,00:00:00,3.07,3.08,2.9,2.9,3547179,2025-03-26 00:00:00+00:00,1.0,1.0,0.0,0.0
924,2025-03-27,00:00:00,2.86,2.93,2.8,2.81,2792702,2025-03-27 00:00:00+00:00,1.0,1.0,0.0,0.0
925,2025-03-28,00:00:00,2.8,2.86,2.68,2.7,2323216,2025-03-28 00:00:00+00:00,1.0,1.0,0.0,0.0
926,2025-03-31,00:00:00,2.59,2.59,2.5,2.51,3669210,2025-03-31 00:00:00+00:00,1.0,1.0,0.0,0.0
927,2025-04-01,00:00:00,2.52,2.53,2.34,2.4,4036714,2025-04-01 00:00:00+00:00,1.0,1.0,0.0,0.0
928,2025-04-02,00:00:00,2.3,2.615,2.3,2.48,3378159,2025-04-02 00:00:00+00:00,1.0,1.0,0.0,0.0
929,2025-04-03,00:00:00,2.285,2.36,2.23,2.235,2809558,2025-04-03 00:00:00+00:00,1.0,1.0,0.0,0.0
930,2025-04-04,00:00:00,2.2,2.3,2.01,2.28,3785013,2025-04-04 00:00:00+00:00,1.0,1.0,0.0,0.0
931,2025-04-07,00:00:00,2.1,2.43,2.0105,2.32,3382250,2025-04-07 00:00:00+00:00,1.0,1.0,0.0,0.0
932,2025-04-08,00:00:00,2.44,2.49,2.2315,2.27,2810699,2025-04-08 00:00:00+00:00,1.0,1.0,0.0,0.0
933,2025-04-09,00:00:00,2.21,2.72,2.18,2.58,4638862,2025-04-09 00:00:00+00:00,1.0,1.0,0.0,0.0
934,2025-04-10,00:00:00,2.48,2.59,2.31,2.455,3189639,2025-04-10 00:00:00+00:00,1.0,1.0,0.0,0.0
935,2025-04-11,00:00:00,2.78,3.02,2.6203,3.02,7175332,2025-04-11 00:00:00+00:00,1.0,1.0,0.0,0.0
936,2025-04-14,00:00:00,3.11,3.12,2.88,3.09,4146178,2025-04-14 00:00:00+00:00,1.0,1.0,0.0,0.0
937,2025-04-15,00:00:00,3.03,3.298,2.98,3.12,3248301,2025-04-15 00:00:00+00:00,1.0,1.0,0.0,0.0
938,2025-04-16,00:00:00,3.11,3.2,2.95,3.05,2442790,2025-04-16 00:00:00+00:00,1.0,1.0,0.0,0.0
939,2025-04-17,00:00:00,3.04,3.12,2.96,3.09,1634531,2025-04-17 00:00:00+00:00,1.0,1.0,0.0,0.0
940,2025-04-21,00:00:00,3.01,3.26,3.01,3.07,2717381,2025-04-21 00:00:00+00:00,1.0,1.0,0.0,0.0
941,2025-04-22,00:00:00,3.14,3.3,3.12,3.21,2699088,2025-04-22 00:00:00+00:00,1.0,1.0,0.0,0.0
942,2025-04-23,00:00:00,3.37,3.54,3.19,3.19,2604479,2025-04-23 00:00:00+00:00,1.0,1.0,0.0,0.0
943,2025-04-24,00:00:00,3.2,3.26,3.135,3.22,1461309,2025-04-24 00:00:00+00:00,1.0,0.0,0.0,1.0
944,2025-04-25,00:00:00,3.22,3.24,3.12,3.13,1576441,2025-04-25 00:00:00+00:00,1.0,0.0,0.0,1.0
945,2025-04-28,00:00:00,3.13,3.24,3.095,3.19,1533908,2025-04-28 00:00:00+00:00,1.0,0.0,0.0,1.0
946,2025-04-29,00:00:00,3.17,3.19,3.0,3.03,1459733,2025-04-29 00:00:00+00:00,1.0,0.0,0.0,1.0
947,2025-04-30,00:00:00,2.98,3.09,2.85,3.07,2260391,2025-04-30 00:00:00+00:00,1.0,0.0,0.0,1.0
948,2025-05-01,00:00:00,3.1,3.12,2.97,3.03,1530190,2025-05-01 00:00:00+00:00,1.0,0.0,0.0,1.0
949,2025-05-02,00:00:00,3.09,3.155,3.02,3.03,1726884,2025-05-02 00:00:00+00:00,1.0,0.0,0.0,1.0
950,2025-05-05,00:00:00,3.01,3.03,2.85,2.87,1798814,2025-05-05 00:00:00+00:00,1.0,0.0,0.0,1.0
951,2025-05-06,00:00:00,2.85,2.85,2.64,2.65,2602450,2025-05-06 00:00:00+00:00,1.0,0.0,0.0,1.0
952,2025-05-07,00:00:00,2.73,2.76,2.62,2.66,1832505,2025-05-07 00:00:00+00:00,1.0,0.0,0.0,1.0
953,2025-05-08,00:00:00,2.7,2.94,2.62,2.8,3293336,2025-05-08 00:00:00+00:00,1.0,0.0,0.0,1.0
954,2025-05-09,00:00:00,2.81,2.89,2.73,2.75,2105944,2025-05-09 00:00:00+00:00,1.0,0.0,0.0,1.0
955,2025-05-12,00:00:00,2.93,2.98,2.81,2.93,3062490,2025-05-12 00:00:00+00:00,1.0,0.0,0.0,1.0
956,2025-05-13,00:00:00,2.91,2.96,2.75,2.96,4824258,2025-05-13 00:00:00+00:00,1.0,0.0,0.0,1.0
957,2025-05-14,00:00:00,3.61,3.65,2.83,2.91,10466320,2025-05-14 00:00:00+00:00,1.0,0.0,0.0,1.0
958,2025-05-15,00:00:00,2.91,2.99,2.831,2.96,2754445,2025-05-15 00:00:00+00:00,1.0,0.0,0.0,1.0
959,2025-05-16,00:00:00,2.97,3.065,2.85,2.88,2940739,2025-05-16 00:00:00+00:00,1.0,0.0,0.0,1.0
960,2025-05-19,00:00:00,2.81,2.835,2.675,2.77,3535349,2025-05-19 00:00:00+00:00,1.0,0.0,0.0,1.0
961,2025-05-20,00:00:00,2.75,2.875,2.69,2.79,2407521,2025-05-20 00:00:00+00:00,1.0,0.0,0.0,1.0
962,2025-05-21,00:00:00,2.76,2.78,2.66,2.7,2758889,2025-05-21 00:00:00+00:00,1.0,0.0,0.0,1.0
963,2025-05-22,00:00:00,2.67,2.7154,2.63,2.66,2239315,2025-05-22 00:00:00+00:00,1.0,0.0,0.0,1.0
964,2025-05-23,00:00:00,2.6,2.6802,2.56,2.66,2031452,2025-05-23 00:00:00+00:00,1.0,0.0,0.0,1.0
965,2025-05-27,00:00:00,2.69,2.795,2.62,2.72,2187301,2025-05-27 00:00:00+00:00,1.0,0.0,0.0,1.0
966,2025-05-28,00:00:00,2.7,2.78,2.67,2.74,1850737,2025-05-28 00:00:00+00:00,0.0,0.0,1.0,1.0
967,2025-05-29,00:00:00,2.8,2.84,2.66,2.74,2172991,2025-05-29 00:00:00+00:00,0.0,0.0,1.0,1.0
968,2025-05-30,00:00:00,2.71,2.72,2.59,2.65,2133977,2025-05-30 00:00:00+00:00,0.0,0.0,1.0,1.0
969,2025-06-02,00:00:00,2.68,2.81,2.635,2.73,2391876,2025-06-02 00:00:00+00:00,0.0,0.0,1.0,1.0
970,2025-06-03,00:00:00,2.73,2.8,2.675,2.78,1561949,2025-06-03 00:00:00+00:00,0.0,0.0,1.0,1.0
971,2025-06-04,00:00:00,2.78,2.95,2.7646,2.85,2681353,2025-06-04 00:00:00+00:00,0.0,1.0,1.0,0.0
972,2025-06-05,00:00:00,2.87,2.94,2.78,2.84,2751490,2025-06-05 00:00:00+00:00,0.0,1.0,1.0,0.0
973,2025-06-06,00:00:00,2.87,3.07,2.86,3.03,3230878,2025-06-06 00:00:00+00:00,0.0,1.0,1.0,0.0
974,2025-06-09,00:00:00,3.07,3.1,2.93,2.97,2188744,2025-06-09 00:00:00+00:00,0.0,1.0,1.0,0.0
975,2025-06-10,00:00:00,2.98,3.28,2.97,3.03,4162136,2025-06-10 00:00:00+00:00,0.0,1.0,1.0,0.0
976,2025-06-11,00:00:00,3.07,3.12,2.93,3.01,2589659,2025-06-11 00:00:00+00:00,0.0,1.0,1.0,0.0
977,2025-06-12,00:00:00,2.98,3.0368,2.83,2.84,2763527,2025-06-12 00:00:00+00:00,0.0,1.0,1.0,0.0
978,2025-06-13,00:00:00,2.77,2.83,2.71,2.78,2238447,2025-06-13 00:00:00+00:00,0.0,1.0,1.0,0.0
979,2025-06-16,00:00:00,2.83,2.87,2.75,2.82,1983833,2025-06-16 00:00:00+00:00,0.0,1.0,1.0,0.0
980,2025-06-17,00:00:00,2.81,2.8688,2.7,2.71,3140960,2025-06-17 00:00:00+00:00,0.0,1.0,1.0,0.0
981,2025-06-18,00:00:00,2.71,2.89,2.65,2.75,3969655,2025-06-18 00:00:00+00:00,0.0,1.0,1.0,0.0
982,2025-06-20,00:00:00,2.985,3.03,2.76,2.79,9796377,2025-06-20 00:00:00+00:00,0.0,1.0,1.0,0.0
983,2025-06-23,00:00:00,2.75,2.78,2.64,2.76,4670583,2025-06-23 00:00:00+00:00,0.0,1.0,1.0,0.0
984,2025-06-24,00:00:00,2.8,2.83,2.73,2.81,3786081,2025-06-24 00:00:00+00:00,0.0,1.0,1.0,0.0
985,2025-06-25,00:00:00,2.84,2.86,2.67,2.76,4193595,2025-06-25 00:00:00+00:00,0.0,1.0,1.0,0.0
986,2025-06-26,00:00:00,2.775,2.79,2.65,2.71,4781063,2025-06-26 00:00:00+00:00,0.0,1.0,1.0,0.0
987,2025-06-27,00:00:00,2.725,2.748,2.61,2.62,7396809,2025-06-27 00:00:00+00:00,0.0,1.0,1.0,0.0
988,2025-06-30,00:00:00,2.68,2.68,2.56,2.57,4245167,2025-06-30 00:00:00+00:00,0.0,1.0,1.0,0.0
989,2025-07-01,00:00:00,2.56,2.695,2.49,2.59,4070121,2025-07-01 00:00:00+00:00,0.0,1.0,1.0,0.0
990,2025-07-02,00:00:00,2.59,2.715,2.535,2.69,3226696,2025-07-02 00:00:00+00:00,0.0,1.0,1.0,0.0
991,2025-07-03,00:00:00,2.78,2.815,2.715,2.77,2711520,2025-07-03 00:00:00+00:00,0.0,1.0,1.0,0.0
992,2025-07-07,00:00:00,2.735,2.735,2.54,2.58,3869923,2025-07-07 00:00:00+00:00,0.0,1.0,1.0,0.0
993,2025-07-08,00:00:00,2.61,2.76,2.605,2.64,4274442,2025-07-08 00:00:00+00:00,0.0,1.0,1.0,0.0
994,2025-07-09,00:00:00,2.68,2.92,2.66,2.83,6197044,2025-07-09 00:00:00+00:00,0.0,1.0,1.0,0.0
995,2025-07-10,00:00:00,2.85,2.85,2.72,2.73,2957339,2025-07-10 00:00:00+00:00,0.0,1.0,1.0,0.0
996,2025-07-11,00:00:00,2.71,2.72,2.63,2.67,2928151,2025-07-11 00:00:00+00:00,0.0,1.0,1.0,0.0
997,2025-07-14,00:00:00,2.65,2.7092,2.62,2.66,3195563,2025-07-14 00:00:00+00:00,0.0,1.0,1.0,0.0
998,2025-07-15,00:00:00,2.66,2.68,2.5509,2.57,3392625,2025-07-15 00:00:00+00:00,0.0,1.0,1.0,0.0
999,2025-07-16,00:00:00,2.63,2.75,2.58,2.74,4537548,2025-07-16 00:00:00+00:00,0.0,1.0,1.0,0.0
1000,2025-07-17,00:00:00,2.72,2.89,2.72,2.88,9727203,2025-07-17 00:00:00+00:00,0.0,1.0,1.0,0.0
1001,2025-07-18,00:00:00,2.9,3.23,2.895,3.12,8762232,2025-07-18 00:00:00+00:00,0.0,1.0,1.0,0.0
1002,2025-07-21,00:00:00,3.21,3.76,3.21,3.51,10851760,2025-07-21 00:00:00+00:00,0.0,1.0,1.0,0.0
1003,2025-07-22,00:00:00,3.495,3.64,3.39,3.63,5784880,2025-07-22 00:00:00+00:00,0.0,1.0,1.0,0.0
1004,2025-07-23,00:00:00,3.67,3.74,3.43,3.52,4194986,2025-07-23 00:00:00+00:00,0.0,1.0,1.0,0.0
1005,2025-07-24,00:00:00,3.5,3.59,3.41,3.51,3052305,2025-07-24 00:00:00+00:00,0.0,1.0,1.0,0.0
1006,2025-07-25,00:00:00,2.93,2.955,2.59,2.89,23754500,2025-07-25 00:00:00+00:00,0.0,1.0,1.0,0.0
1007,2025-07-28,00:00:00,3.04,3.09,2.9,2.97,9306857,2025-07-28 00:00:00+00:00,0.0,1.0,1.0,0.0
1008,2025-07-29,00:00:00,3.14,3.2,2.87,2.95,10266480,2025-07-29 00:00:00+00:00,0.0,1.0,1.0,0.0
1009,2025-07-30,00:00:00,2.98,3.1699,2.88,2.92,8852758,2025-07-30 00:00:00+00:00,0.0,1.0,1.0,0.0
1010,2025-07-31,00:00:00,2.92,3.0,2.81,2.83,4883026,2025-07-31 00:00:00+00:00,0.0,1.0,1.0,0.0
1011,2025-08-01,00:00:00,2.75,2.92,2.74,2.9,4923905,2025-08-01 00:00:00+00:00,0.0,1.0,1.0,0.0
1012,2025-08-04,00:00:00,2.94,3.01,2.85,2.99,3273925,2025-08-04 00:00:00+00:00,0.0,1.0,1.0,0.0
1013,2025-08-05,00:00:00,3.0,3.01,2.9,2.95,3430886,2025-08-05 00:00:00+00:00,0.0,1.0,1.0,0.0
1014,2025-08-06,00:00:00,2.93,2.96,2.825,2.91,3747971,2025-08-06 00:00:00+00:00,0.0,1.0,1.0,0.0
1015,2025-08-07,00:00:00,2.98,3.04,2.89,2.92,3900080,2025-08-07 00:00:00+00:00,0.0,1.0,1.0,0.0
1016,2025-08-08,00:00:00,2.93,2.97,2.83,2.84,3249611,2025-08-08 00:00:00+00:00,0.0,1.0,1.0,0.0
1017,2025-08-11,00:00:00,2.9,3.0,2.82,2.85,3871139,2025-08-11 00:00:00+00:00,0.0,1.0,1.0,0.0
1018,2025-08-12,00:00:00,2.9,3.01,2.86,2.97,5208974,2025-08-12 00:00:00+00:00,0.0,1.0,1.0,0.0
1019,2025-08-13,00:00:00,2.835,3.4,2.8,3.12,13483740,2025-08-13 00:00:00+00:00,0.0,1.0,1.0,0.0
1020,2025-08-14,00:00:00,3.0,3.08,2.91,3.0,4731297,2025-08-14 00:00:00+00:00,0.0,1.0,1.0,0.0
1021,2025-08-15,00:00:00,3.01,3.025,2.82,2.93,6147476,2025-08-15 00:00:00+00:00,0.0,1.0,1.0,0.0
1022,2025-08-18,00:00:00,2.9,2.93,2.8035,2.83,3729756,2025-08-18 00:00:00+00:00,0.0,1.0,1.0,0.0
1023,2025-08-19,00:00:00,2.81,2.83,2.54,2.62,7007140,2025-08-19 00:00:00+00:00,0.0,1.0,1.0,0.0
1024,2025-08-20,00:00:00,2.65,2.655,2.54,2.57,3753867,2025-08-20 00:00:00+00:00,0.0,1.0,1.0,0.0
1025,2025-08-21,00:00:00,2.55,2.62,2.49,2.56,3626698,2025-08-21 00:00:00+00:00,1.0,1.0,0.0,0.0
1026,2025-08-22,00:00:00,2.58,2.725,2.56,2.63,3884994,2025-08-22 00:00:00+00:00,1.0,1.0,0.0,0.0
1027,2025-08-25,00:00:00,2.63,2.65,2.515,2.54,3188182,2025-08-25 00:00:00+00:00,1.0,1.0,0.0,0.0
1028,2025-08-26,00:00:00,2.56,2.58,2.5,2.55,2842060,2025-08-26 00:00:00+00:00,1.0,1.0,0.0,0.0
1029,2025-08-27,00:00:00,2.55,2.58,2.51,2.55,2523018,2025-08-27 00:00:00+00:00,1.0,1.0,0.0,0.0
1030,2025-08-28,00:00:00,2.56,2.58,2.45,2.47,3129364,2025-08-28 00:00:00+00:00,1.0,1.0,0.0,0.0
1031,2025-08-29,00:00:00,2.47,2.5,2.37,2.39,3090352,2025-08-29 00:00:00+00:00,1.0,1.0,0.0,0.0
1032,2025-09-02,00:00:00,2.35,2.47,2.32,2.34,2986471,2025-09-02 00:00:00+00:00,1.0,1.0,0.0,0.0
1033,2025-09-03,00:00:00,2.38,2.46,2.325,2.38,2565573,2025-09-03 00:00:00+00:00,1.0,1.0,0.0,0.0
1034,2025-09-04,00:00:00,2.4,2.41,2.325,2.4,2370353,2025-09-04 00:00:00+00:00,1.0,1.0,0.0,0.0
1035,2025-09-05,00:00:00,2.44,2.49,2.35,2.46,2853875,2025-09-05 00:00:00+00:00,1.0,1.0,0.0,0.0
1036,2025-09-08,00:00:00,2.5,2.59,2.45,2.51,3112186,2025-09-08 00:00:00+00:00,1.0,1.0,0.0,0.0
1037,2025-09-09,00:00:00,2.51,2.56,2.455,2.54,2048692,2025-09-09 00:00:00+00:00,1.0,1.0,0.0,0.0
1038,2025-09-10,00:00:00,2.6,2.6,2.37,2.38,3891457,2025-09-10 00:00:00+00:00,1.0,1.0,0.0,0.0
1039,2025-09-11,00:00:00,2.52,2.89,2.5,2.74,14610900,2025-09-11 00:00:00+00:00,1.0,1.0,0.0,0.0
1040,2025-09-12,00:00:00,2.78,2.78,2.55,2.55,7062187,2025-09-12 00:00:00+00:00,1.0,1.0,0.0,0.0
1041,2025-09-15,00:00:00,2.57,2.66,2.53,2.62,3627639,2025-09-15 00:00:00+00:00,1.0,1.0,0.0,0.0
1042,2025-09-16,00:00:00,2.61,2.74,2.58,2.7,3026261,2025-09-16 00:00:00+00:00,1.0,1.0,0.0,0.0
1043,2025-09-17,00:00:00,2.67,2.725,2.52,2.55,4024694,2025-09-17 00:00:00+00:00,1.0,1.0,0.0,0.0
1044,2025-09-18,00:00:00,2.6,2.75,2.59,2.69,3414635,2025-09-18 00:00:00+00:00,1.0,1.0,0.0,0.0
1045,2025-09-19,00:00:00,2.7,2.75,2.6,2.61,8735933,2025-09-19 00:00:00+00:00,1.0,1.0,0.0,0.0
1046,2025-09-22,00:00:00,2.64,2.73,2.605,2.69,3655663,2025-09-22 00:00:00+00:00,1.0,1.0,0.0,0.0
1047,2025-09-23,00:00:00,2.71,2.77,2.6,2.6,3812325,2025-09-23 00:00:00+00:00,1.0,0.0,0.0,0.0
1048,2025-09-24,00:00:00,2.635,2.66,2.475,2.49,5266252,2025-09-24 00:00:00+00:00,1.0,0.0,0.0,0.0
1049,2025-09-25,00:00:00,2.54,2.6788,2.48,2.65,5931560,2025-09-25 00:00:00+00:00,1.0,0.0,0.0,0.0
1050,2025-09-26,00:00:00,2.64,2.77,2.61,2.73,4502289,2025-09-26 00:00:00+00:00,1.0,0.0,0.0,0.0
1051,2025-09-29,00:00:00,2.71,3.01,2.7,2.97,7190452,2025-09-29 00:00:00+00:00,1.0,0.0,0.0,0.0
1052,2025-09-30,00:00:00,2.92,3.06,2.8801,3.04,4770947,2025-09-30 00:00:00+00:00,1.0,0.0,0.0,0.0
1053,2025-10-01,00:00:00,3.01,3.28,3.01,3.13,7431883,2025-10-01 00:00:00+00:00,1.0,0.0,0.0,0.0
1054,2025-10-02,00:00:00,3.38,3.7,3.27,3.55,11700220,2025-10-02 00:00:00+00:00,1.0,0.0,0.0,0.0
1055,2025-10-03,00:00:00,3.6,3.62,3.29,3.38,7255031,2025-10-03 00:00:00+00:00,1.0,0.0,0.0,0.0
1056,2025-10-06,00:00:00,3.46,3.88,3.4501,3.76,7826238,2025-10-06 00:00:00+00:00,1.0,0.0,0.0,0.0
1057,2025-10-07,00:00:00,3.84,3.94,3.615,3.74,6056600,2025-10-07 00:00:00+00:00,1.0,0.0,0.0,0.0
