timestamp,event,price_close,prediction,strength,grade
2021-06-30 16:00:00+00:00,BUY,34.991,8,1.0,strong
2021-07-01 04:00:00+00:00,SELL,32.721,-8,1.0,strong
2021-07-02 19:00:00+00:00,BUY,33.796,8,1.0,strong
2021-07-03 22:00:00+00:00,SELL,33.783,-8,1.0,strong
2021-07-04 02:00:00+00:00,BUY,35.019,4,0.5,mild
2021-07-04 20:00:00+00:00,SELL,34.207,-8,1.0,strong
2021-07-06 01:00:00+00:00,BUY,34.097,8,1.0,strong
2021-07-07 21:00:00+00:00,SELL,36.417,-8,1.0,strong
2021-07-09 10:00:00+00:00,BUY,33.812,6,0.75,strong
2021-07-10 08:00:00+00:00,SELL,32.676,-8,1.0,strong
2021-07-14 10:00:00+00:00,BUY,30.591,8,1.0,strong
2021-07-15 03:00:00+00:00,SELL,29.838,-8,1.0,strong
2021-07-17 16:00:00+00:00,BUY,27.27,8,1.0,strong
2021-07-18 11:00:00+00:00,SELL,26.557,-8,1.0,strong
2021-07-21 01:00:00+00:00,BUY,25.047,8,1.0,strong
2021-07-23 05:00:00+00:00,SELL,27.306,-8,1.0,strong
2021-07-23 19:00:00+00:00,BUY,27.787,8,1.0,strong
2021-07-25 10:00:00+00:00,SELL,26.748,-8,1.0,strong
2021-07-25 21:00:00+00:00,BUY,29.668,8,1.0,strong
2021-07-26 17:00:00+00:00,SELL,28.28,-8,1.0,strong
2021-07-27 09:00:00+00:00,BUY,28.877,4,0.5,mild
2021-07-27 13:00:00+00:00,SELL,27.098,-8,1.0,strong
2021-07-28 08:00:00+00:00,BUY,28.648,6,0.75,strong
2021-07-30 05:00:00+00:00,SELL,30.585,-8,1.0,strong
2021-07-30 17:00:00+00:00,BUY,32.145,4,0.5,mild
2021-08-01 20:00:00+00:00,SELL,34.182,-8,1.0,strong
2021-08-03 07:00:00+00:00,BUY,34.14,6,0.75,strong
2021-08-06 00:00:00+00:00,SELL,36.063,-8,1.0,strong
2021-08-06 10:00:00+00:00,BUY,37.891,8,1.0,strong
2021-08-07 10:00:00+00:00,SELL,38.944,-8,1.0,strong
2021-08-09 05:00:00+00:00,BUY,38.585,8,1.0,strong
2021-08-09 18:00:00+00:00,SELL,38.286,-8,1.0,strong
2021-08-09 23:00:00+00:00,BUY,40.561,8,1.0,strong
2021-08-11 19:00:00+00:00,SELL,41.985,-8,1.0,strong
2021-08-12 21:00:00+00:00,BUY,41.687,4,0.5,mild
2021-08-14 07:00:00+00:00,SELL,43.347,-8,1.0,strong
2021-08-14 21:00:00+00:00,BUY,44.571,4,0.5,mild
2021-08-15 04:00:00+00:00,SELL,43.716,-8,1.0,strong
2021-08-15 08:00:00+00:00,BUY,46.58,6,0.75,strong
2021-08-17 13:00:00+00:00,SELL,65.861,-8,1.0,strong
2021-08-18 06:00:00+00:00,BUY,72.506,8,1.0,strong
2021-08-18 17:00:00+00:00,SELL,72.357,-8,1.0,strong
2021-08-20 13:00:00+00:00,BUY,76.773,8,1.0,strong
2021-08-21 08:00:00+00:00,SELL,76.428,-8,1.0,strong
2021-08-22 05:00:00+00:00,BUY,76.638,6,0.75,strong
2021-08-22 15:00:00+00:00,SELL,73.14,-8,1.0,strong
2021-08-23 00:00:00+00:00,BUY,74.957,4,0.5,mild
2021-08-24 11:00:00+00:00,SELL,74.0,-8,1.0,strong
2021-08-25 20:00:00+00:00,BUY,72.941,8,1.0,strong
2021-08-26 02:00:00+00:00,SELL,68.594,-8,1.0,strong
2021-08-26 10:00:00+00:00,BUY,74.972,8,1.0,strong
2021-08-29 12:00:00+00:00,SELL,92.085,-8,1.0,strong
2021-08-29 21:00:00+00:00,BUY,97.879,8,1.0,strong
2021-08-31 13:00:00+00:00,SELL,112.933,-8,1.0,strong
2021-09-01 13:00:00+00:00,BUY,116.206,4,0.5,mild
2021-09-04 13:00:00+00:00,SELL,138.111,-8,1.0,strong
2021-09-05 19:00:00+00:00,BUY,142.367,6,0.75,strong
2021-09-06 08:00:00+00:00,SELL,138.121,-8,1.0,strong
2021-09-06 12:00:00+00:00,BUY,153.783,8,1.0,strong
2021-09-07 11:00:00+00:00,SELL,158.739,-8,1.0,strong
2021-09-08 15:00:00+00:00,BUY,180.246,4,0.5,mild
2021-09-09 14:00:00+00:00,SELL,192.593,-8,1.0,strong
2021-09-10 22:00:00+00:00,BUY,193.0,8,1.0,strong
2021-09-11 21:00:00+00:00,SELL,175.848,-8,1.0,strong
2021-09-13 18:00:00+00:00,BUY,172.077,6,0.75,strong
2021-09-14 09:00:00+00:00,SELL,160.693,-8,1.0,strong
2021-09-14 21:00:00+00:00,BUY,162.407,8,1.0,strong
2021-09-16 17:00:00+00:00,SELL,149.532,-8,1.0,strong
2021-09-18 03:00:00+00:00,BUY,154.812,8,1.0,strong
2021-09-19 08:00:00+00:00,SELL,157.008,-8,1.0,strong
2021-09-22 11:00:00+00:00,BUY,138.698,8,1.0,strong
2021-09-24 02:00:00+00:00,SELL,143.617,-8,1.0,strong
2021-09-26 08:00:00+00:00,BUY,136.086,8,1.0,strong
2021-09-27 17:00:00+00:00,SELL,139.502,-8,1.0,strong
2021-09-28 21:00:00+00:00,BUY,136.487,6,0.75,strong
2021-09-29 16:00:00+00:00,SELL,132.126,-2,0.25,mild
2021-09-30 00:00:00+00:00,BUY,140.615,4,0.5,mild
2021-10-03 18:00:00+00:00,SELL,170.681,-8,1.0,strong
2021-10-06 12:00:00+00:00,BUY,160.223,2,0.25,mild
2021-10-06 21:00:00+00:00,SELL,152.813,-6,0.75,strong
2021-10-07 09:00:00+00:00,BUY,158.296,4,0.5,mild
2021-10-08 17:00:00+00:00,SELL,161.165,-8,1.0,strong
2021-10-12 13:00:00+00:00,BUY,148.335,8,1.0,strong
2021-10-14 21:00:00+00:00,SELL,148.135,-8,1.0,strong
2021-10-15 01:00:00+00:00,BUY,154.106,8,1.0,strong
2021-10-16 18:00:00+00:00,SELL,156.894,-8,1.0,strong
2021-10-17 00:00:00+00:00,BUY,163.759,8,1.0,strong
2021-10-17 13:00:00+00:00,SELL,160.703,-8,1.0,strong
2021-10-20 06:00:00+00:00,BUY,157.947,4,0.5,mild
2021-10-21 12:00:00+00:00,SELL,184.091,-8,1.0,strong
2021-10-21 21:00:00+00:00,BUY,202.617,8,1.0,strong
2021-10-24 03:00:00+00:00,SELL,192.653,-8,1.0,strong
2021-10-24 18:00:00+00:00,BUY,201.779,8,1.0,strong
2021-10-26 10:00:00+00:00,SELL,204.103,-8,1.0,strong
2021-10-28 05:00:00+00:00,BUY,197.475,8,1.0,strong
2021-10-30 10:00:00+00:00,SELL,194.12,-8,1.0,strong
2021-10-31 11:00:00+00:00,BUY,195.483,2,0.25,mild
2021-11-05 07:00:00+00:00,SELL,238.91,-8,1.0,strong
2021-11-06 01:00:00+00:00,BUY,243.61,6,0.75,strong
2021-11-07 15:00:00+00:00,SELL,246.48,-8,1.0,strong
2021-11-08 12:00:00+00:00,BUY,248.768,6,0.75,strong
2021-11-09 10:00:00+00:00,SELL,239.5,-8,1.0,strong
2021-11-10 11:00:00+00:00,BUY,246.107,6,0.75,strong
2021-11-10 15:00:00+00:00,SELL,234.444,-8,1.0,strong
2021-11-13 09:00:00+00:00,BUY,233.583,8,1.0,strong
2021-11-14 12:00:00+00:00,SELL,230.907,-8,1.0,strong
2021-11-14 20:00:00+00:00,BUY,241.528,6,0.75,strong
2021-11-15 16:00:00+00:00,SELL,236.039,-8,1.0,strong
2021-11-17 20:00:00+00:00,BUY,221.588,8,1.0,strong
2021-11-18 05:00:00+00:00,SELL,210.848,-8,1.0,strong
2021-11-19 04:00:00+00:00,BUY,203.586,8,1.0,strong
2021-11-20 11:00:00+00:00,SELL,208.244,-8,1.0,strong
2021-11-21 12:00:00+00:00,BUY,217.102,8,1.0,strong
2021-11-21 23:00:00+00:00,SELL,219.941,-8,1.0,strong
2021-11-23 12:00:00+00:00,BUY,223.844,8,1.0,strong
2021-11-23 22:00:00+00:00,SELL,215.377,-8,1.0,strong
2021-11-25 08:00:00+00:00,BUY,212.778,8,1.0,strong
2021-11-26 00:00:00+00:00,SELL,204.441,-8,1.0,strong
2021-11-26 16:00:00+00:00,BUY,200.663,6,0.75,strong
2021-11-27 20:00:00+00:00,SELL,191.075,-6,0.75,strong
2021-11-28 17:00:00+00:00,BUY,199.875,8,1.0,strong
2021-11-30 02:00:00+00:00,SELL,203.548,-6,0.75,strong
2021-11-30 08:00:00+00:00,BUY,213.743,8,1.0,strong
2021-12-03 11:00:00+00:00,SELL,223.353,-8,1.0,strong
2021-12-04 15:00:00+00:00,BUY,205.763,4,0.5,mild
2021-12-05 11:00:00+00:00,SELL,186.177,-8,1.0,strong
2021-12-06 17:00:00+00:00,BUY,194.669,8,1.0,strong
2021-12-07 23:00:00+00:00,SELL,187.2,-8,1.0,strong
2021-12-08 11:00:00+00:00,BUY,193.984,6,0.75,strong
2021-12-09 11:00:00+00:00,SELL,185.293,-8,1.0,strong
2021-12-12 13:00:00+00:00,BUY,176.19,8,1.0,strong
2021-12-12 21:00:00+00:00,SELL,168.6,-8,1.0,strong
2021-12-14 17:00:00+00:00,BUY,160.0,8,1.0,strong
2021-12-15 11:00:00+00:00,SELL,158.87,-8,1.0,strong
2021-12-15 14:00:00+00:00,BUY,172.98,8,1.0,strong
2021-12-16 19:00:00+00:00,SELL,177.74,-8,1.0,strong
2021-12-18 06:00:00+00:00,BUY,180.88,6,0.75,strong
2021-12-19 15:00:00+00:00,SELL,179.11,-8,1.0,strong
2021-12-21 02:00:00+00:00,BUY,180.23,4,0.5,mild
2021-12-22 19:00:00+00:00,SELL,178.91,-8,1.0,strong
2021-12-23 12:00:00+00:00,BUY,183.4,8,1.0,strong
2021-12-27 17:00:00+00:00,SELL,198.67,-8,1.0,strong
2021-12-31 04:00:00+00:00,BUY,176.94,8,1.0,strong
2021-12-31 15:00:00+00:00,SELL,169.94,-8,1.0,strong
2022-01-01 13:00:00+00:00,BUY,174.93,6,0.75,strong
2022-01-02 23:00:00+00:00,SELL,172.26,-8,1.0,strong
2022-01-04 07:00:00+00:00,BUY,171.68,8,1.0,strong
2022-01-04 14:00:00+00:00,SELL,168.22,-8,1.0,strong
2022-01-08 02:00:00+00:00,BUY,143.42,6,0.75,strong
2022-01-08 13:00:00+00:00,SELL,134.69,-8,1.0,strong
2022-01-08 17:00:00+00:00,BUY,146.05,8,1.0,strong
2022-01-10 07:00:00+00:00,SELL,138.76,-8,1.0,strong
2022-01-11 12:00:00+00:00,BUY,142.08,8,1.0,strong
2022-01-13 14:00:00+00:00,SELL,150.25,-8,1.0,strong
2022-01-14 15:00:00+00:00,BUY,148.81,8,1.0,strong
2022-01-16 17:00:00+00:00,SELL,146.97,-8,1.0,strong
2022-01-18 17:00:00+00:00,BUY,140.27,8,1.0,strong
2022-01-19 03:00:00+00:00,SELL,134.37,-8,1.0,strong
2022-01-20 09:00:00+00:00,BUY,139.76,8,1.0,strong
2022-01-20 16:00:00+00:00,SELL,137.78,-8,1.0,strong
2022-01-21 13:00:00+00:00,BUY,123.67,8,1.0,strong
2022-01-21 17:00:00+00:00,SELL,114.66,-8,1.0,strong
2022-01-23 03:00:00+00:00,BUY,100.46,8,1.0,strong
2022-01-24 00:00:00+00:00,SELL,89.26,-8,1.0,strong
2022-01-24 14:00:00+00:00,BUY,90.06,6,0.75,strong
2022-01-26 16:00:00+00:00,SELL,94.57,-8,1.0,strong
2022-01-29 00:00:00+00:00,BUY,94.31,8,1.0,strong
2022-01-30 15:00:00+00:00,SELL,91.6,-8,1.0,strong
2022-01-31 11:00:00+00:00,BUY,95.4,8,1.0,strong
2022-02-02 10:00:00+00:00,SELL,105.7,-8,1.0,strong
2022-02-02 15:00:00+00:00,BUY,109.02,8,1.0,strong
2022-02-02 17:00:00+00:00,SELL,100.63,-8,1.0,strong
2022-02-03 22:00:00+00:00,BUY,102.5,8,1.0,strong
2022-02-07 20:00:00+00:00,SELL,117.45,-6,0.75,strong
2022-02-09 08:00:00+00:00,BUY,115.23,6,0.75,strong
2022-02-09 22:00:00+00:00,SELL,111.1,-8,1.0,strong
2022-02-11 10:00:00+00:00,BUY,107.44,6,0.75,strong
2022-02-11 14:00:00+00:00,SELL,100.45,-8,1.0,strong
2022-02-12 14:00:00+00:00,BUY,98.32,8,1.0,strong
2022-02-13 12:00:00+00:00,SELL,93.68,-8,1.0,strong
2022-02-14 10:00:00+00:00,BUY,97.16,8,1.0,strong
2022-02-16 09:00:00+00:00,SELL,100.02,-8,1.0,strong
2022-02-16 15:00:00+00:00,BUY,103.5,4,0.5,mild
2022-02-16 23:00:00+00:00,SELL,98.66,-8,1.0,strong
2022-02-20 14:00:00+00:00,BUY,92.52,6,0.75,strong
2022-02-21 07:00:00+00:00,SELL,89.05,-8,1.0,strong
2022-02-22 10:00:00+00:00,BUY,86.74,6,0.75,strong
2022-02-23 15:00:00+00:00,SELL,86.62,-8,1.0,strong
2022-02-24 11:00:00+00:00,BUY,85.38,8,1.0,strong
2022-02-26 20:00:00+00:00,SELL,87.76,-8,1.0,strong
2022-02-27 06:00:00+00:00,BUY,90.22,6,0.75,strong
2022-02-27 15:00:00+00:00,SELL,85.11,-8,1.0,strong
2022-02-28 04:00:00+00:00,BUY,90.05,8,1.0,strong
2022-03-03 11:00:00+00:00,SELL,95.53,-8,1.0,strong
2022-03-05 12:00:00+00:00,BUY,90.6,8,1.0,strong
2022-03-05 23:00:00+00:00,SELL,87.11,-8,1.0,strong
2022-03-07 09:00:00+00:00,BUY,85.67,8,1.0,strong
2022-03-07 15:00:00+00:00,SELL,80.27,-8,1.0,strong
2022-03-08 23:00:00+00:00,BUY,88.28,8,1.0,strong
2022-03-09 22:00:00+00:00,SELL,85.68,-8,1.0,strong
2022-03-13 00:00:00+00:00,BUY,82.46,6,0.75,strong
2022-03-13 09:00:00+00:00,SELL,80.37,-8,1.0,strong
2022-03-14 04:00:00+00:00,BUY,81.22,6,0.75,strong
2022-03-14 14:00:00+00:00,SELL,79.18,-8,1.0,strong
2022-03-15 12:00:00+00:00,BUY,80.98,6,0.75,strong
2022-03-17 21:00:00+00:00,SELL,86.86,-8,1.0,strong
2022-03-18 12:00:00+00:00,BUY,88.83,8,1.0,strong
2022-03-19 23:00:00+00:00,SELL,90.99,-8,1.0,strong
2022-03-21 06:00:00+00:00,BUY,91.01,6,0.75,strong
2022-03-22 20:00:00+00:00,SELL,90.35,-8,1.0,strong
2022-03-23 09:00:00+00:00,BUY,92.9,8,1.0,strong
2022-03-25 12:00:00+00:00,SELL,99.61,-8,1.0,strong
2022-03-26 02:00:00+00:00,BUY,101.04,8,1.0,strong
2022-03-27 09:00:00+00:00,SELL,99.23,-8,1.0,strong
2022-03-27 17:00:00+00:00,BUY,104.75,6,0.75,strong
2022-03-28 20:00:00+00:00,SELL,106.76,-8,1.0,strong
2022-03-29 08:00:00+00:00,BUY,113.13,8,1.0,strong
2022-03-29 13:00:00+00:00,SELL,111.38,-8,1.0,strong
2022-03-30 09:00:00+00:00,BUY,114.61,8,1.0,strong
2022-03-31 23:00:00+00:00,SELL,119.22,-8,1.0,strong
2022-04-01 04:00:00+00:00,BUY,127.1,6,0.75,strong
2022-04-02 15:00:00+00:00,SELL,135.38,-8,1.0,strong
2022-04-05 09:00:00+00:00,BUY,135.04,6,0.75,strong
2022-04-05 12:00:00+00:00,SELL,130.55,-8,1.0,strong
2022-04-07 21:00:00+00:00,BUY,120.18,6,0.75,strong
2022-04-08 07:00:00+00:00,SELL,116.0,-8,1.0,strong
2022-04-10 14:00:00+00:00,BUY,114.97,6,0.75,strong
2022-04-10 20:00:00+00:00,SELL,110.88,-8,1.0,strong
2022-04-12 08:00:00+00:00,BUY,105.88,8,1.0,strong
2022-04-12 15:00:00+00:00,SELL,101.02,-8,1.0,strong
2022-04-13 22:00:00+00:00,BUY,107.0,8,1.0,strong
2022-04-14 08:00:00+00:00,SELL,103.53,-8,1.0,strong
2022-04-16 11:00:00+00:00,BUY,103.19,4,0.5,mild
2022-04-17 19:00:00+00:00,SELL,101.23,-8,1.0,strong
2022-04-18 14:00:00+00:00,BUY,101.32,8,1.0,strong
2022-04-20 11:00:00+00:00,SELL,105.77,-8,1.0,strong
2022-04-21 09:00:00+00:00,BUY,109.11,6,0.75,strong
2022-04-21 15:00:00+00:00,SELL,105.02,-8,1.0,strong
2022-04-25 13:00:00+00:00,BUY,98.65,8,1.0,strong
2022-04-26 10:00:00+00:00,SELL,98.34,-8,1.0,strong
2022-04-27 03:00:00+00:00,BUY,98.71,8,1.0,strong
2022-04-28 10:00:00+00:00,SELL,96.53,-8,1.0,strong
2022-05-01 13:00:00+00:00,BUY,90.72,8,1.0,strong
2022-05-02 06:00:00+00:00,SELL,87.82,-8,1.0,strong
2022-05-04 05:00:00+00:00,BUY,87.64,6,0.75,strong
2022-05-05 10:00:00+00:00,SELL,89.08,-8,1.0,strong
2022-05-10 02:00:00+00:00,BUY,70.64,8,1.0,strong
2022-05-10 16:00:00+00:00,SELL,67.06,-8,1.0,strong
2022-05-13 00:00:00+00:00,BUY,50.39,8,1.0,strong
2022-05-16 03:00:00+00:00,SELL,53.67,-8,1.0,strong
2022-05-17 01:00:00+00:00,BUY,56.84,6,0.75,strong
2022-05-18 09:00:00+00:00,SELL,52.9,-6,0.75,strong
2022-05-19 11:00:00+00:00,BUY,52.18,6,0.75,strong
2022-05-20 11:00:00+00:00,SELL,49.65,-8,1.0,strong
2022-05-22 06:00:00+00:00,BUY,51.39,8,1.0,strong
2022-05-23 15:00:00+00:00,SELL,51.46,-8,1.0,strong
2022-05-28 12:00:00+00:00,BUY,43.09,4,0.5,mild
2022-05-28 23:00:00+00:00,SELL,42.22,-8,1.0,strong
2022-05-29 08:00:00+00:00,BUY,44.29,6,0.75,strong
2022-05-31 10:00:00+00:00,SELL,44.66,-8,1.0,strong
2022-06-02 08:00:00+00:00,BUY,40.91,8,1.0,strong
2022-06-03 05:00:00+00:00,SELL,39.71,-8,1.0,strong
2022-06-04 18:00:00+00:00,BUY,38.64,8,1.0,strong
2022-06-05 20:00:00+00:00,SELL,38.56,-8,1.0,strong
2022-06-05 22:00:00+00:00,BUY,40.79,8,1.0,strong
2022-06-06 21:00:00+00:00,SELL,40.23,-8,1.0,strong
2022-06-07 16:00:00+00:00,BUY,40.74,8,1.0,strong
2022-06-10 06:00:00+00:00,SELL,39.14,-8,1.0,strong
2022-06-13 17:00:00+00:00,BUY,28.8,6,0.75,strong
2022-06-13 22:00:00+00:00,SELL,26.0,-8,1.0,strong
2022-06-14 02:00:00+00:00,BUY,30.67,8,1.0,strong
2022-06-14 18:00:00+00:00,SELL,28.45,-8,1.0,strong
2022-06-15 10:00:00+00:00,BUY,29.7,6,0.75,strong
2022-06-16 06:00:00+00:00,SELL,31.54,-8,1.0,strong
2022-06-18 19:00:00+00:00,BUY,31.77,4,0.5,mild
2022-06-19 23:00:00+00:00,SELL,32.05,-8,1.0,strong
2022-06-20 06:00:00+00:00,BUY,34.65,8,1.0,strong
2022-06-21 22:00:00+00:00,SELL,35.39,-8,1.0,strong
2022-06-22 11:00:00+00:00,BUY,35.71,6,0.75,strong
2022-06-25 12:00:00+00:00,SELL,39.94,-8,1.0,strong
2022-06-25 18:00:00+00:00,BUY,42.28,8,1.0,strong
2022-06-26 21:00:00+00:00,SELL,39.44,-8,1.0,strong
2022-06-28 05:00:00+00:00,BUY,39.24,8,1.0,strong
2022-06-28 12:00:00+00:00,SELL,36.71,-8,1.0,strong
2022-06-30 20:00:00+00:00,BUY,33.48,8,1.0,strong
2022-07-01 07:00:00+00:00,SELL,32.06,-8,1.0,strong
2022-07-02 18:00:00+00:00,BUY,33.8,8,1.0,strong
2022-07-05 05:00:00+00:00,SELL,34.77,-8,1.0,strong
2022-07-05 16:00:00+00:00,BUY,35.77,6,0.75,strong
2022-07-08 04:00:00+00:00,SELL,37.48,-8,1.0,strong
2022-07-08 12:00:00+00:00,BUY,38.61,8,1.0,strong
2022-07-09 21:00:00+00:00,SELL,37.6,-8,1.0,strong
2022-07-12 12:00:00+00:00,BUY,34.24,8,1.0,strong
2022-07-12 16:00:00+00:00,SELL,32.89,-8,1.0,strong
2022-07-13 04:00:00+00:00,BUY,33.79,8,1.0,strong
2022-07-13 10:00:00+00:00,SELL,32.63,-8,1.0,strong
2022-07-13 20:00:00+00:00,BUY,35.24,6,0.75,strong
2022-07-15 21:00:00+00:00,SELL,36.88,-8,1.0,strong
2022-07-16 12:00:00+00:00,BUY,38.08,6,0.75,strong
2022-07-17 13:00:00+00:00,SELL,39.04,-8,1.0,strong
2022-07-17 23:00:00+00:00,BUY,40.75,8,1.0,strong
2022-07-19 22:00:00+00:00,SELL,44.75,-8,1.0,strong
2022-07-21 13:00:00+00:00,BUY,43.42,8,1.0,strong
2022-07-22 12:00:00+00:00,SELL,41.75,-8,1.0,strong
2022-07-24 02:00:00+00:00,BUY,40.99,8,1.0,strong
2022-07-24 23:00:00+00:00,SELL,38.47,-8,1.0,strong
2022-07-27 02:00:00+00:00,BUY,37.0,8,1.0,strong
2022-07-29 08:00:00+00:00,SELL,41.82,-8,1.0,strong
2022-07-30 10:00:00+00:00,BUY,44.55,8,1.0,strong
2022-07-30 20:00:00+00:00,SELL,43.35,-8,1.0,strong
2022-08-02 12:00:00+00:00,BUY,41.68,8,1.0,strong
2022-08-02 20:00:00+00:00,SELL,39.79,-8,1.0,strong
2022-08-03 09:00:00+00:00,BUY,39.93,8,1.0,strong
2022-08-03 19:00:00+00:00,SELL,38.56,-8,1.0,strong
2022-08-05 00:00:00+00:00,BUY,40.04,6,0.75,strong
2022-08-06 21:00:00+00:00,SELL,39.32,-8,1.0,strong
2022-08-07 09:00:00+00:00,BUY,40.55,6,0.75,strong
2022-08-08 22:00:00+00:00,SELL,41.75,-8,1.0,strong
2022-08-10 09:00:00+00:00,BUY,42.23,8,1.0,strong
2022-08-11 15:00:00+00:00,SELL,43.25,-8,1.0,strong
2022-08-12 16:00:00+00:00,BUY,44.81,8,1.0,strong
2022-08-14 10:00:00+00:00,SELL,46.12,-8,1.0,strong
2022-08-14 23:00:00+00:00,BUY,46.92,8,1.0,strong
2022-08-15 03:00:00+00:00,SELL,44.13,-6,0.75,strong
2022-08-17 02:00:00+00:00,BUY,44.57,6,0.75,strong
2022-08-17 09:00:00+00:00,SELL,42.02,-8,1.0,strong
2022-08-18 09:00:00+00:00,BUY,41.48,6,0.75,strong
2022-08-18 20:00:00+00:00,SELL,39.44,-8,1.0,strong
2022-08-22 20:00:00+00:00,BUY,35.43,8,1.0,strong
2022-08-23 23:00:00+00:00,SELL,34.5,-8,1.0,strong
2022-08-24 12:00:00+00:00,BUY,36.2,8,1.0,strong
2022-08-24 20:00:00+00:00,SELL,35.02,-8,1.0,strong
2022-08-25 03:00:00+00:00,BUY,36.1,8,1.0,strong
2022-08-25 19:00:00+00:00,SELL,35.22,-8,1.0,strong
2022-08-29 09:00:00+00:00,BUY,31.1,8,1.0,strong
2022-08-30 11:00:00+00:00,SELL,31.21,-8,1.0,strong
2022-08-30 23:00:00+00:00,BUY,32.3,6,0.75,strong
2022-08-31 12:00:00+00:00,SELL,31.95,-8,1.0,strong
2022-09-01 18:00:00+00:00,BUY,31.67,6,0.75,strong
2022-09-02 14:00:00+00:00,SELL,31.17,-8,1.0,strong
2022-09-03 23:00:00+00:00,BUY,31.44,6,0.75,strong
2022-09-05 07:00:00+00:00,SELL,31.27,-8,1.0,strong
2022-09-05 18:00:00+00:00,BUY,32.05,6,0.75,strong
2022-09-06 14:00:00+00:00,SELL,31.11,-8,1.0,strong
2022-09-07 12:00:00+00:00,BUY,31.59,8,1.0,strong
2022-09-11 03:00:00+00:00,SELL,34.38,-8,1.0,strong
2022-09-11 12:00:00+00:00,BUY,35.47,8,1.0,strong
2022-09-13 09:00:00+00:00,SELL,36.0,-8,1.0,strong
2022-09-15 04:00:00+00:00,BUY,34.58,8,1.0,strong
2022-09-15 12:00:00+00:00,SELL,32.96,-8,1.0,strong
2022-09-17 11:00:00+00:00,BUY,33.17,8,1.0,strong
2022-09-18 07:00:00+00:00,SELL,33.28,-8,1.0,strong
2022-09-19 10:00:00+00:00,BUY,31.92,8,1.0,strong
2022-09-20 10:00:00+00:00,SELL,31.78,-8,1.0,strong
2022-09-21 09:00:00+00:00,BUY,32.17,6,0.75,strong
2022-09-21 12:00:00+00:00,SELL,31.51,-8,1.0,strong
2022-09-22 04:00:00+00:00,BUY,31.79,8,1.0,strong
2022-09-23 05:00:00+00:00,SELL,32.03,-8,1.0,strong
2022-09-23 17:00:00+00:00,BUY,33.02,8,1.0,strong
2022-09-24 14:00:00+00:00,SELL,33.3,-8,1.0,strong
2022-09-26 06:00:00+00:00,BUY,32.78,4,0.5,mild
2022-09-27 13:00:00+00:00,SELL,32.73,-8,1.0,strong
2022-09-28 15:00:00+00:00,BUY,33.47,8,1.0,strong
2022-09-29 12:00:00+00:00,SELL,34.03,-8,1.0,strong
2022-09-29 13:00:00+00:00,BUY,34.03,8,1.0,strong
2022-09-30 16:00:00+00:00,SELL,33.7,-8,1.0,strong
2022-10-03 09:00:00+00:00,BUY,32.73,8,1.0,strong
2022-10-05 08:00:00+00:00,SELL,33.52,-8,1.0,strong
2022-10-05 15:00:00+00:00,BUY,34.2,6,0.75,strong
2022-10-06 18:00:00+00:00,SELL,33.49,-8,1.0,strong
2022-10-09 09:00:00+00:00,BUY,32.99,8,1.0,strong
2022-10-09 19:00:00+00:00,SELL,32.71,-8,1.0,strong
2022-10-13 13:00:00+00:00,BUY,30.05,8,1.0,strong
2022-10-14 12:00:00+00:00,SELL,30.89,-8,1.0,strong
2022-10-16 16:00:00+00:00,BUY,30.5,8,1.0,strong
2022-10-18 05:00:00+00:00,SELL,30.58,-8,1.0,strong
2022-10-22 23:00:00+00:00,BUY,28.5,8,1.0,strong
2022-10-23 09:00:00+00:00,SELL,28.04,-8,1.0,strong
2022-10-23 14:00:00+00:00,BUY,28.81,6,0.75,strong
2022-10-24 11:00:00+00:00,SELL,28.47,-8,1.0,strong
2022-10-25 10:00:00+00:00,BUY,28.92,8,1.0,strong
2022-10-27 17:00:00+00:00,SELL,30.89,-8,1.0,strong
2022-10-28 10:00:00+00:00,BUY,31.01,8,1.0,strong
2022-10-30 06:00:00+00:00,SELL,32.64,-8,1.0,strong
2022-10-30 20:00:00+00:00,BUY,33.04,6,0.75,strong
2022-10-31 12:00:00+00:00,SELL,33.01,-8,1.0,strong
2022-11-02 15:00:00+00:00,BUY,32.12,8,1.0,strong
2022-11-02 17:00:00+00:00,SELL,30.35,-8,1.0,strong
2022-11-04 00:00:00+00:00,BUY,31.79,8,1.0,strong
2022-11-06 09:00:00+00:00,SELL,35.35,-8,1.0,strong
2022-11-10 09:00:00+00:00,BUY,17.49,8,1.0,strong
2022-11-11 16:00:00+00:00,SELL,15.54,-8,1.0,strong
2022-11-14 03:00:00+00:00,BUY,14.92,8,1.0,strong
2022-11-16 09:00:00+00:00,SELL,13.73,-8,1.0,strong
2022-11-20 00:00:00+00:00,BUY,13.23,8,1.0,strong
2022-11-20 07:00:00+00:00,SELL,12.56,-8,1.0,strong
2022-11-22 11:00:00+00:00,BUY,12.06,8,1.0,strong
2022-11-26 12:00:00+00:00,SELL,14.17,-8,1.0,strong
2022-11-29 00:00:00+00:00,BUY,13.82,8,1.0,strong
2022-11-29 11:00:00+00:00,SELL,13.37,-8,1.0,strong
2022-11-29 20:00:00+00:00,BUY,13.87,8,1.0,strong
2022-11-30 13:00:00+00:00,SELL,13.32,-8,1.0,strong
2022-11-30 17:00:00+00:00,BUY,13.86,6,0.75,strong
2022-12-01 11:00:00+00:00,SELL,13.63,-8,1.0,strong
2022-12-04 16:00:00+00:00,BUY,13.66,6,0.75,strong
2022-12-05 10:00:00+00:00,SELL,13.82,-8,1.0,strong
2022-12-05 21:00:00+00:00,BUY,14.07,8,1.0,strong
2022-12-07 02:00:00+00:00,SELL,13.85,-8,1.0,strong
2022-12-08 14:00:00+00:00,BUY,13.72,8,1.0,strong
2022-12-09 13:00:00+00:00,SELL,13.61,-8,1.0,strong
2022-12-11 13:00:00+00:00,BUY,13.69,6,0.75,strong
2022-12-11 17:00:00+00:00,SELL,13.56,-8,1.0,strong
2022-12-12 16:00:00+00:00,BUY,13.34,8,1.0,strong
2022-12-12 23:00:00+00:00,SELL,13.0,-8,1.0,strong
2022-12-13 07:00:00+00:00,BUY,13.33,8,1.0,strong
2022-12-14 21:00:00+00:00,SELL,13.88,-8,1.0,strong
2022-12-20 00:00:00+00:00,BUY,12.39,8,1.0,strong
2022-12-21 00:00:00+00:00,SELL,11.97,-8,1.0,strong
2022-12-24 13:00:00+00:00,BUY,11.47,4,0.5,mild
2022-12-26 11:00:00+00:00,SELL,11.13,-8,1.0,strong
2022-12-26 20:00:00+00:00,BUY,11.3,6,0.75,strong
2022-12-27 04:00:00+00:00,SELL,11.12,-8,1.0,strong
2022-12-27 18:00:00+00:00,BUY,11.09,4,0.5,mild
2022-12-27 22:00:00+00:00,SELL,10.81,-8,1.0,strong
2022-12-29 20:00:00+00:00,BUY,9.92,8,1.0,strong
2022-12-30 08:00:00+00:00,SELL,9.52,-2,0.25,mild
2022-12-30 13:00:00+00:00,BUY,9.83,8,1.0,strong
2023-01-04 15:00:00+00:00,SELL,13.19,-8,1.0,strong
2023-01-05 16:00:00+00:00,BUY,13.63,8,1.0,strong
2023-01-06 08:00:00+00:00,SELL,12.83,-6,0.75,strong
2023-01-06 19:00:00+00:00,BUY,13.42,6,0.75,strong
2023-01-07 18:00:00+00:00,SELL,13.07,-8,1.0,strong
2023-01-07 22:00:00+00:00,BUY,13.35,8,1.0,strong
2023-01-09 22:00:00+00:00,SELL,15.72,-8,1.0,strong
2023-01-11 18:00:00+00:00,BUY,16.37,8,1.0,strong
2023-01-15 02:00:00+00:00,SELL,22.42,-8,1.0,strong
2023-01-16 02:00:00+00:00,BUY,24.85,8,1.0,strong
2023-01-16 10:00:00+00:00,SELL,22.96,-8,1.0,strong
2023-01-19 15:00:00+00:00,BUY,21.73,8,1.0,strong
2023-01-21 19:00:00+00:00,SELL,24.7,-8,1.0,strong
2023-01-23 22:00:00+00:00,BUY,24.88,4,0.5,mild
2023-01-24 10:00:00+00:00,SELL,24.25,-6,0.75,strong
2023-01-25 08:00:00+00:00,BUY,24.41,8,1.0,strong
2023-01-26 21:00:00+00:00,SELL,23.63,-8,1.0,strong
2023-01-27 13:00:00+00:00,BUY,24.57,8,1.0,strong
2023-01-28 09:00:00+00:00,SELL,23.99,-8,1.0,strong
2023-01-28 21:00:00+00:00,BUY,24.4,8,1.0,strong
2023-01-30 04:00:00+00:00,SELL,24.76,-8,1.0,strong
2023-02-01 16:00:00+00:00,BUY,24.66,8,1.0,strong
2023-02-02 17:00:00+00:00,SELL,24.37,-8,1.0,strong
2023-02-04 09:00:00+00:00,BUY,24.8,4,0.5,mild
2023-02-04 20:00:00+00:00,SELL,24.25,-8,1.0,strong
2023-02-07 18:00:00+00:00,BUY,23.76,4,0.5,mild
2023-02-08 11:00:00+00:00,SELL,23.28,-8,1.0,strong
2023-02-11 18:00:00+00:00,BUY,20.8,8,1.0,strong
2023-02-12 21:00:00+00:00,SELL,20.86,-8,1.0,strong
2023-02-13 20:00:00+00:00,BUY,20.81,6,0.75,strong
2023-02-16 10:00:00+00:00,SELL,23.25,-8,1.0,strong
2023-02-17 15:00:00+00:00,BUY,23.48,6,0.75,strong
2023-02-21 04:00:00+00:00,SELL,25.42,-8,1.0,strong
2023-02-22 22:00:00+00:00,BUY,24.62,8,1.0,strong
2023-02-23 07:00:00+00:00,SELL,23.69,-8,1.0,strong
2023-02-25 22:00:00+00:00,BUY,22.65,8,1.0,strong
2023-02-27 14:00:00+00:00,SELL,22.54,-8,1.0,strong
2023-03-01 00:00:00+00:00,BUY,22.61,8,1.0,strong
2023-03-01 15:00:00+00:00,SELL,22.17,-8,1.0,strong
2023-03-04 20:00:00+00:00,BUY,21.42,8,1.0,strong
2023-03-05 21:00:00+00:00,SELL,20.74,-8,1.0,strong
2023-03-06 11:00:00+00:00,BUY,21.09,8,1.0,strong
2023-03-06 16:00:00+00:00,SELL,20.51,-8,1.0,strong
2023-03-10 09:00:00+00:00,BUY,17.51,8,1.0,strong
2023-03-11 03:00:00+00:00,SELL,17.08,-8,1.0,strong
2023-03-11 15:00:00+00:00,BUY,18.24,8,1.0,strong
2023-03-13 06:00:00+00:00,SELL,19.26,-8,1.0,strong
2023-03-13 11:00:00+00:00,BUY,20.96,8,1.0,strong
2023-03-14 16:00:00+00:00,SELL,21.04,-8,1.0,strong
2023-03-16 23:00:00+00:00,BUY,19.95,6,0.75,strong
2023-03-18 19:00:00+00:00,SELL,21.48,-8,1.0,strong
2023-03-19 13:00:00+00:00,BUY,22.25,6,0.75,strong
2023-03-20 15:00:00+00:00,SELL,22.62,-6,0.75,strong
2023-03-21 09:00:00+00:00,BUY,22.99,8,1.0,strong
2023-03-22 16:00:00+00:00,SELL,21.27,-8,1.0,strong
2023-03-23 12:00:00+00:00,BUY,22.37,8,1.0,strong
2023-03-24 05:00:00+00:00,SELL,21.69,-8,1.0,strong
2023-03-26 10:00:00+00:00,BUY,21.11,8,1.0,strong
2023-03-27 02:00:00+00:00,SELL,20.52,-8,1.0,strong
2023-03-28 11:00:00+00:00,BUY,20.32,8,1.0,strong
2023-03-30 05:00:00+00:00,SELL,20.63,-8,1.0,strong
2023-03-31 10:00:00+00:00,BUY,20.69,8,1.0,strong
2023-04-02 10:00:00+00:00,SELL,20.84,-6,0.75,strong
2023-04-03 05:00:00+00:00,BUY,20.52,8,1.0,strong
2023-04-05 11:00:00+00:00,SELL,20.62,-8,1.0,strong
2023-04-08 02:00:00+00:00,BUY,20.69,8,1.0,strong
2023-04-08 14:00:00+00:00,SELL,20.25,-8,1.0,strong
2023-04-09 09:00:00+00:00,BUY,20.21,8,1.0,strong
2023-04-10 10:00:00+00:00,SELL,20.16,-8,1.0,strong
2023-04-10 13:00:00+00:00,BUY,20.58,8,1.0,strong
2023-04-11 23:00:00+00:00,SELL,22.44,-8,1.0,strong
2023-04-12 04:00:00+00:00,BUY,23.83,8,1.0,strong
2023-04-14 11:00:00+00:00,SELL,24.01,-8,1.0,strong
2023-04-14 20:00:00+00:00,BUY,24.59,6,0.75,strong
2023-04-15 16:00:00+00:00,SELL,24.03,-8,1.0,strong
2023-04-15 23:00:00+00:00,BUY,24.4,8,1.0,strong
2023-04-17 08:00:00+00:00,SELL,24.98,-8,1.0,strong
2023-04-18 03:00:00+00:00,BUY,25.05,8,1.0,strong
2023-04-18 14:00:00+00:00,SELL,24.53,-8,1.0,strong
2023-04-22 12:00:00+00:00,BUY,21.72,8,1.0,strong
2023-04-23 12:00:00+00:00,SELL,21.61,-6,0.75,strong
2023-04-23 22:00:00+00:00,BUY,21.83,6,0.75,strong
2023-04-24 13:00:00+00:00,SELL,21.15,-8,1.0,strong
2023-04-25 17:00:00+00:00,BUY,21.66,8,1.0,strong
2023-04-26 16:00:00+00:00,SELL,20.58,-8,1.0,strong
2023-04-27 12:00:00+00:00,BUY,22.34,8,1.0,strong
2023-04-30 16:00:00+00:00,SELL,23.11,-8,1.0,strong
2023-05-02 12:00:00+00:00,BUY,22.23,8,1.0,strong
2023-05-03 08:00:00+00:00,SELL,21.46,-8,1.0,strong
2023-05-03 18:00:00+00:00,BUY,22.15,8,1.0,strong
2023-05-06 09:00:00+00:00,SELL,22.17,-8,1.0,strong
2023-05-07 11:00:00+00:00,BUY,22.46,8,1.0,strong
2023-05-07 19:00:00+00:00,SELL,22.2,-6,0.75,strong
2023-05-10 09:00:00+00:00,BUY,21.28,8,1.0,strong
2023-05-10 14:00:00+00:00,SELL,20.68,-8,1.0,strong
2023-05-12 09:00:00+00:00,BUY,20.41,8,1.0,strong
2023-05-14 21:00:00+00:00,SELL,20.72,-8,1.0,strong
2023-05-15 03:00:00+00:00,BUY,21.43,8,1.0,strong
2023-05-15 20:00:00+00:00,SELL,21.03,-6,0.75,strong
2023-05-16 22:00:00+00:00,BUY,20.99,8,1.0,strong
2023-05-17 04:00:00+00:00,SELL,20.53,-8,1.0,strong
2023-05-17 15:00:00+00:00,BUY,20.97,8,1.0,strong
2023-05-18 09:00:00+00:00,SELL,20.55,-8,1.0,strong
2023-05-22 06:00:00+00:00,BUY,19.9,8,1.0,strong
2023-05-22 21:00:00+00:00,SELL,19.48,-8,1.0,strong
2023-05-23 00:00:00+00:00,BUY,20.07,8,1.0,strong
2023-05-23 22:00:00+00:00,SELL,19.85,-8,1.0,strong
2023-05-25 09:00:00+00:00,BUY,19.44,8,1.0,strong
2023-05-29 12:00:00+00:00,SELL,20.47,-8,1.0,strong
2023-05-29 22:00:00+00:00,BUY,20.91,8,1.0,strong
2023-05-31 01:00:00+00:00,SELL,20.74,-8,1.0,strong
2023-05-31 21:00:00+00:00,BUY,20.87,4,0.5,mild
2023-06-01 21:00:00+00:00,SELL,20.5,-6,0.75,strong
2023-06-02 01:00:00+00:00,BUY,21.0,8,1.0,strong
2023-06-03 18:00:00+00:00,SELL,21.08,-6,0.75,strong
2023-06-04 01:00:00+00:00,BUY,21.29,4,0.5,mild
2023-06-04 20:00:00+00:00,SELL,21.79,-8,1.0,strong
2023-06-06 16:00:00+00:00,BUY,20.6,8,1.0,strong
2023-06-07 06:00:00+00:00,SELL,19.66,-8,1.0,strong
2023-06-08 17:00:00+00:00,BUY,18.97,8,1.0,strong
2023-06-09 04:00:00+00:00,SELL,18.6,-8,1.0,strong
2023-06-09 07:00:00+00:00,BUY,19.1,8,1.0,strong
2023-06-09 12:00:00+00:00,SELL,18.58,-8,1.0,strong
2023-06-11 16:00:00+00:00,BUY,16.05,8,1.0,strong
2023-06-11 23:00:00+00:00,SELL,15.09,-8,1.0,strong
2023-06-13 05:00:00+00:00,BUY,15.59,8,1.0,strong
2023-06-13 11:00:00+00:00,SELL,15.02,-8,1.0,strong
2023-06-15 17:00:00+00:00,BUY,14.91,8,1.0,strong
2023-06-17 21:00:00+00:00,SELL,15.54,-8,1.0,strong
2023-06-19 14:00:00+00:00,BUY,15.85,8,1.0,strong
2023-06-22 08:00:00+00:00,SELL,16.95,-8,1.0,strong
2023-06-23 13:00:00+00:00,BUY,17.07,8,1.0,strong
2023-06-24 12:00:00+00:00,SELL,16.5,-8,1.0,strong
2023-06-25 00:00:00+00:00,BUY,17.04,8,1.0,strong
2023-06-25 21:00:00+00:00,SELL,16.64,-8,1.0,strong
2023-06-27 04:00:00+00:00,BUY,16.75,8,1.0,strong
2023-06-27 21:00:00+00:00,SELL,16.33,-8,1.0,strong
2023-06-29 06:00:00+00:00,BUY,17.1,8,1.0,strong
2023-06-30 11:00:00+00:00,SELL,18.27,-2,0.25,mild
2023-06-30 14:00:00+00:00,BUY,19.48,8,1.0,strong
2023-07-03 11:00:00+00:00,SELL,19.18,-8,1.0,strong
2023-07-04 11:00:00+00:00,BUY,19.76,8,1.0,strong
2023-07-05 07:00:00+00:00,SELL,18.71,-8,1.0,strong
2023-07-05 21:00:00+00:00,BUY,19.45,8,1.0,strong
2023-07-06 11:00:00+00:00,SELL,19.23,-8,1.0,strong
2023-07-06 15:00:00+00:00,BUY,20.57,8,1.0,strong
2023-07-06 20:00:00+00:00,SELL,19.77,-8,1.0,strong
2023-07-07 09:00:00+00:00,BUY,20.8,8,1.0,strong
2023-07-09 12:00:00+00:00,SELL,21.18,-8,1.0,strong
2023-07-10 15:00:00+00:00,BUY,21.33,8,1.0,strong
2023-07-12 16:00:00+00:00,SELL,21.85,-8,1.0,strong
2023-07-13 06:00:00+00:00,BUY,22.05,8,1.0,strong
2023-07-14 15:00:00+00:00,SELL,25.71,-8,1.0,strong
2023-07-20 05:00:00+00:00,BUY,27.11,8,1.0,strong
2023-07-20 11:00:00+00:00,SELL,26.18,-8,1.0,strong
2023-07-21 15:00:00+00:00,BUY,25.84,8,1.0,strong
2023-07-22 15:00:00+00:00,SELL,25.34,-8,1.0,strong
2023-07-23 14:00:00+00:00,BUY,25.06,8,1.0,strong
2023-07-23 22:00:00+00:00,SELL,24.44,-8,1.0,strong
2023-07-26 00:00:00+00:00,BUY,23.48,6,0.75,strong
2023-07-27 15:00:00+00:00,SELL,24.88,-8,1.0,strong
2023-07-28 12:00:00+00:00,BUY,25.14,6,0.75,strong
2023-07-30 16:00:00+00:00,SELL,23.96,-8,1.0,strong
2023-08-01 20:00:00+00:00,BUY,24.06,8,1.0,strong
2023-08-02 11:00:00+00:00,SELL,23.25,-8,1.0,strong
2023-08-04 10:00:00+00:00,BUY,23.26,8,1.0,strong
2023-08-04 17:00:00+00:00,SELL,22.75,-8,1.0,strong
2023-08-06 03:00:00+00:00,BUY,22.93,4,0.5,mild
2023-08-07 10:00:00+00:00,SELL,22.77,-8,1.0,strong
2023-08-07 20:00:00+00:00,BUY,23.13,8,1.0,strong
2023-08-09 16:00:00+00:00,SELL,24.27,-8,1.0,strong
2023-08-10 09:00:00+00:00,BUY,24.63,8,1.0,strong
2023-08-13 10:00:00+00:00,SELL,24.58,-8,1.0,strong
2023-08-14 12:00:00+00:00,BUY,24.86,8,1.0,strong
2023-08-15 14:00:00+00:00,SELL,24.61,-6,0.75,strong
2023-08-19 12:00:00+00:00,BUY,22.01,8,1.0,strong
2023-08-20 13:00:00+00:00,SELL,21.6,-8,1.0,strong
2023-08-23 03:00:00+00:00,BUY,20.71,8,1.0,strong
2023-08-24 11:00:00+00:00,SELL,21.31,-8,1.0,strong
2023-08-27 05:00:00+00:00,BUY,20.56,8,1.0,strong
2023-08-27 22:00:00+00:00,SELL,20.48,-8,1.0,strong
2023-08-29 11:00:00+00:00,BUY,21.66,8,1.0,strong
2023-08-30 11:00:00+00:00,SELL,20.8,-8,1.0,strong
2023-09-03 21:00:00+00:00,BUY,19.7,8,1.0,strong
2023-09-03 23:00:00+00:00,SELL,19.86,-2,0.25,mild
2023-09-04 00:00:00+00:00,BUY,19.78,8,1.0,strong
2023-09-04 09:00:00+00:00,SELL,19.42,-8,1.0,strong
2023-09-05 09:00:00+00:00,BUY,19.7,6,0.75,strong
2023-09-06 02:00:00+00:00,SELL,19.8,-8,1.0,strong
2023-09-07 18:00:00+00:00,BUY,19.89,8,1.0,strong
2023-09-08 06:00:00+00:00,SELL,19.53,-8,1.0,strong
2023-09-10 18:00:00+00:00,BUY,18.45,8,1.0,strong
2023-09-11 05:00:00+00:00,SELL,18.08,-8,1.0,strong
2023-09-12 00:00:00+00:00,BUY,18.21,8,1.0,strong
2023-09-15 11:00:00+00:00,SELL,18.8,-8,1.0,strong
2023-09-15 19:00:00+00:00,BUY,19.43,8,1.0,strong
2023-09-16 21:00:00+00:00,SELL,18.81,-8,1.0,strong
2023-09-18 00:00:00+00:00,BUY,19.29,8,1.0,strong
2023-09-21 06:00:00+00:00,SELL,19.67,-4,0.5,mild
2023-09-23 22:00:00+00:00,BUY,19.6,8,1.0,strong
2023-09-24 17:00:00+00:00,SELL,19.47,-4,0.5,mild
2023-09-25 13:00:00+00:00,BUY,19.6,8,1.0,strong
2023-09-26 12:00:00+00:00,SELL,19.17,-6,0.75,strong
2023-09-27 07:00:00+00:00,BUY,19.25,8,1.0,strong
2023-09-27 11:00:00+00:00,SELL,18.94,-2,0.25,mild
2023-09-27 21:00:00+00:00,BUY,19.28,8,1.0,strong
2023-10-02 15:00:00+00:00,SELL,23.32,-8,1.0,strong
2023-10-03 03:00:00+00:00,BUY,24.17,8,1.0,strong
2023-10-03 19:00:00+00:00,SELL,23.65,-8,1.0,strong
2023-10-04 06:00:00+00:00,BUY,23.61,8,1.0,strong
2023-10-04 11:00:00+00:00,SELL,22.89,-8,1.0,strong
2023-10-04 21:00:00+00:00,BUY,23.61,8,1.0,strong
2023-10-05 12:00:00+00:00,SELL,22.81,-8,1.0,strong
2023-10-05 22:00:00+00:00,BUY,23.12,8,1.0,strong
2023-10-06 12:00:00+00:00,SELL,23.59,-2,0.25,mild
2023-10-06 13:00:00+00:00,BUY,23.4,8,1.0,strong
2023-10-07 00:00:00+00:00,SELL,23.74,-2,0.25,mild
2023-10-07 01:00:00+00:00,BUY,23.86,8,1.0,strong
2023-10-09 04:00:00+00:00,SELL,22.99,-8,1.0,strong
2023-10-13 08:00:00+00:00,BUY,21.46,8,1.0,strong
2023-10-15 09:00:00+00:00,SELL,21.79,-8,1.0,strong
2023-10-15 18:00:00+00:00,BUY,22.02,6,0.75,strong
2023-10-17 10:00:00+00:00,SELL,23.76,-8,1.0,strong
2023-10-19 06:00:00+00:00,BUY,24.0,8,1.0,strong
2023-10-22 04:00:00+00:00,SELL,28.96,-8,1.0,strong
2023-10-22 22:00:00+00:00,BUY,29.75,8,1.0,strong
2023-10-23 10:00:00+00:00,SELL,29.16,-8,1.0,strong
2023-10-23 19:00:00+00:00,BUY,32.0,8,1.0,strong
2023-10-24 13:00:00+00:00,SELL,30.85,-8,1.0,strong
2023-10-24 22:00:00+00:00,BUY,31.38,8,1.0,strong
2023-10-26 08:00:00+00:00,SELL,31.97,-8,1.0,strong
2023-10-26 19:00:00+00:00,BUY,32.94,8,1.0,strong
2023-10-27 14:00:00+00:00,SELL,31.92,-8,1.0,strong
2023-10-29 04:00:00+00:00,BUY,32.36,8,1.0,strong
2023-11-02 12:00:00+00:00,SELL,40.56,-8,1.0,strong
2023-11-04 00:00:00+00:00,BUY,41.21,8,1.0,strong
2023-11-05 11:00:00+00:00,SELL,40.84,-8,1.0,strong
2023-11-06 18:00:00+00:00,BUY,41.32,8,1.0,strong
2023-11-08 10:00:00+00:00,SELL,42.44,-8,1.0,strong
2023-11-08 22:00:00+00:00,BUY,44.0,8,1.0,strong
2023-11-09 13:00:00+00:00,SELL,45.17,-8,1.0,strong
2023-11-09 23:00:00+00:00,BUY,47.27,8,1.0,strong
2023-11-11 19:00:00+00:00,SELL,57.61,-8,1.0,strong
2023-11-12 03:00:00+00:00,BUY,60.44,8,1.0,strong
2023-11-12 15:00:00+00:00,SELL,55.89,-8,1.0,strong
2023-11-14 10:00:00+00:00,BUY,56.83,8,1.0,strong
2023-11-16 09:00:00+00:00,SELL,63.18,-8,1.0,strong
2023-11-18 11:00:00+00:00,BUY,58.92,8,1.0,strong
2023-11-20 12:00:00+00:00,SELL,57.77,-8,1.0,strong
2023-11-22 14:00:00+00:00,BUY,56.75,8,1.0,strong
2023-11-24 19:00:00+00:00,SELL,56.21,-8,1.0,strong
2023-11-24 22:00:00+00:00,BUY,59.49,8,1.0,strong
2023-11-26 10:00:00+00:00,SELL,57.11,-8,1.0,strong
2023-11-28 09:00:00+00:00,BUY,56.23,4,0.5,mild
2023-11-30 20:00:00+00:00,SELL,58.8,-8,1.0,strong
2023-11-30 22:00:00+00:00,BUY,60.65,8,1.0,strong
2023-12-03 08:00:00+00:00,SELL,62.77,-8,1.0,strong
2023-12-03 21:00:00+00:00,BUY,63.87,8,1.0,strong
2023-12-04 06:00:00+00:00,SELL,62.96,-8,1.0,strong
2023-12-05 13:00:00+00:00,BUY,61.83,8,1.0,strong
2023-12-06 19:00:00+00:00,SELL,61.68,-8,1.0,strong
2023-12-07 08:00:00+00:00,BUY,64.45,8,1.0,strong
2023-12-07 13:00:00+00:00,SELL,65.88,-2,0.25,mild
2023-12-07 17:00:00+00:00,BUY,69.0,8,1.0,strong
2023-12-09 13:00:00+00:00,SELL,73.01,-8,1.0,strong
2023-12-10 11:00:00+00:00,BUY,73.81,8,1.0,strong
2023-12-10 21:00:00+00:00,SELL,72.29,-8,1.0,strong
2023-12-13 10:00:00+00:00,BUY,67.78,4,0.5,mild
2023-12-15 12:00:00+00:00,SELL,74.08,-8,1.0,strong
2023-12-16 08:00:00+00:00,BUY,76.29,8,1.0,strong
2023-12-16 16:00:00+00:00,SELL,73.61,-8,1.0,strong
2023-12-18 10:00:00+00:00,BUY,70.85,8,1.0,strong
2023-12-19 10:00:00+00:00,SELL,73.39,-8,1.0,strong
2023-12-20 02:00:00+00:00,BUY,75.71,8,1.0,strong
2023-12-22 03:00:00+00:00,SELL,93.98,-2,0.25,mild
2023-12-23 14:00:00+00:00,BUY,102.09,8,1.0,strong
2023-12-24 20:00:00+00:00,SELL,109.67,-8,1.0,strong
2023-12-25 10:00:00+00:00,BUY,119.92,8,1.0,strong
2023-12-26 01:00:00+00:00,SELL,115.5,-8,1.0,strong
2023-12-26 19:00:00+00:00,BUY,113.41,8,1.0,strong
2023-12-27 10:00:00+00:00,SELL,108.16,-8,1.0,strong
2023-12-28 22:00:00+00:00,BUY,104.28,8,1.0,strong
2023-12-30 04:00:00+00:00,SELL,101.71,-8,1.0,strong
2023-12-31 03:00:00+00:00,BUY,103.72,8,1.0,strong
2023-12-31 18:00:00+00:00,SELL,100.96,-8,1.0,strong
2024-01-01 08:00:00+00:00,BUY,104.99,6,0.75,strong
2024-01-02 10:00:00+00:00,SELL,110.44,-8,1.0,strong
2024-01-04 11:00:00+00:00,BUY,103.07,8,1.0,strong
2024-01-04 21:00:00+00:00,SELL,101.63,-8,1.0,strong
2024-01-08 07:00:00+00:00,BUY,93.26,4,0.5,mild
2024-01-09 16:00:00+00:00,SELL,97.52,-8,1.0,strong
2024-01-10 17:00:00+00:00,BUY,100.75,8,1.0,strong
2024-01-11 12:00:00+00:00,SELL,99.99,-8,1.0,strong
2024-01-13 15:00:00+00:00,BUY,95.47,8,1.0,strong
2024-01-14 19:00:00+00:00,SELL,94.74,-8,1.0,strong
2024-01-16 03:00:00+00:00,BUY,97.89,8,1.0,strong
2024-01-17 13:00:00+00:00,SELL,99.32,-8,1.0,strong
2024-01-19 15:00:00+00:00,BUY,94.4,8,1.0,strong
2024-01-20 10:00:00+00:00,SELL,90.41,-8,1.0,strong
2024-01-21 06:00:00+00:00,BUY,93.6,8,1.0,strong
2024-01-21 19:00:00+00:00,SELL,91.18,-8,1.0,strong
2024-01-23 19:00:00+00:00,BUY,84.22,8,1.0,strong
2024-01-25 13:00:00+00:00,SELL,86.52,-8,1.0,strong
2024-01-26 06:00:00+00:00,BUY,91.07,8,1.0,strong
2024-01-28 15:00:00+00:00,SELL,94.26,-8,1.0,strong
2024-01-28 23:00:00+00:00,BUY,97.63,8,1.0,strong
2024-01-30 19:00:00+00:00,SELL,101.13,-8,1.0,strong
2024-02-01 15:00:00+00:00,BUY,97.57,8,1.0,strong
2024-02-03 09:00:00+00:00,SELL,97.92,-8,1.0,strong
2024-02-05 03:00:00+00:00,BUY,97.74,8,1.0,strong
2024-02-05 11:00:00+00:00,SELL,95.71,-6,0.75,strong
2024-02-06 14:00:00+00:00,BUY,96.13,6,0.75,strong
2024-02-11 16:00:00+00:00,SELL,107.61,-8,1.0,strong
2024-02-12 11:00:00+00:00,BUY,108.48,8,1.0,strong
2024-02-13 10:00:00+00:00,SELL,109.74,-8,1.0,strong
2024-02-14 04:00:00+00:00,BUY,114.87,8,1.0,strong
2024-02-15 12:00:00+00:00,SELL,114.35,-8,1.0,strong
2024-02-17 17:00:00+00:00,BUY,109.33,8,1.0,strong
2024-02-19 20:00:00+00:00,SELL,110.97,-8,1.0,strong
2024-02-22 05:00:00+00:00,BUY,106.47,6,0.75,strong
2024-02-22 18:00:00+00:00,SELL,102.8,-8,1.0,strong
2024-02-24 13:00:00+00:00,BUY,103.34,6,0.75,strong
2024-02-26 07:00:00+00:00,SELL,100.76,-8,1.0,strong
2024-02-26 11:00:00+00:00,BUY,105.16,8,1.0,strong
2024-02-27 11:00:00+00:00,SELL,107.05,-8,1.0,strong
2024-02-28 03:00:00+00:00,BUY,110.82,8,1.0,strong
2024-02-29 18:00:00+00:00,SELL,124.91,-8,1.0,strong
2024-02-29 21:00:00+00:00,BUY,136.28,8,1.0,strong
2024-03-01 21:00:00+00:00,SELL,128.77,-8,1.0,strong
2024-03-04 04:00:00+00:00,BUY,132.25,8,1.0,strong
2024-03-04 13:00:00+00:00,SELL,128.96,-8,1.0,strong
2024-03-04 19:00:00+00:00,BUY,132.91,8,1.0,strong
2024-03-05 15:00:00+00:00,SELL,123.11,-8,1.0,strong
2024-03-06 20:00:00+00:00,BUY,134.33,8,1.0,strong
2024-03-10 09:00:00+00:00,SELL,145.28,-8,1.0,strong
2024-03-11 04:00:00+00:00,BUY,148.0,8,1.0,strong
2024-03-12 13:00:00+00:00,SELL,146.37,-8,1.0,strong
2024-03-13 12:00:00+00:00,BUY,157.7,8,1.0,strong
2024-03-13 15:00:00+00:00,SELL,160.72,-2,0.25,mild
2024-03-13 21:00:00+00:00,BUY,167.97,8,1.0,strong
2024-03-14 15:00:00+00:00,SELL,164.28,-8,1.0,strong
2024-03-14 20:00:00+00:00,BUY,178.24,8,1.0,strong
2024-03-15 05:00:00+00:00,SELL,166.87,-8,1.0,strong
2024-03-15 10:00:00+00:00,BUY,181.48,8,1.0,strong
2024-03-16 15:00:00+00:00,SELL,185.27,-8,1.0,strong
2024-03-17 07:00:00+00:00,BUY,193.27,8,1.0,strong
2024-03-18 21:00:00+00:00,SELL,191.75,-8,1.0,strong
2024-03-20 15:00:00+00:00,BUY,183.69,8,1.0,strong
2024-03-21 14:00:00+00:00,SELL,181.18,-8,1.0,strong
2024-03-22 22:00:00+00:00,BUY,176.41,8,1.0,strong
2024-03-26 13:00:00+00:00,SELL,187.52,-8,1.0,strong
2024-03-29 11:00:00+00:00,BUY,188.19,8,1.0,strong
2024-04-01 02:00:00+00:00,SELL,195.92,-8,1.0,strong
2024-04-02 15:00:00+00:00,BUY,185.47,8,1.0,strong
2024-04-02 21:00:00+00:00,SELL,179.72,-8,1.0,strong
2024-04-03 00:00:00+00:00,BUY,187.68,8,1.0,strong
2024-04-03 15:00:00+00:00,SELL,186.22,-8,1.0,strong
2024-04-04 09:00:00+00:00,BUY,187.34,8,1.0,strong
2024-04-04 17:00:00+00:00,SELL,183.08,-8,1.0,strong
2024-04-06 02:00:00+00:00,BUY,177.21,8,1.0,strong
2024-04-09 00:00:00+00:00,SELL,177.02,-8,1.0,strong
2024-04-12 02:00:00+00:00,BUY,175.79,8,1.0,strong
2024-04-12 09:00:00+00:00,SELL,168.59,-8,1.0,strong
2024-04-14 19:00:00+00:00,BUY,151.35,8,1.0,strong
2024-04-15 11:00:00+00:00,SELL,144.45,-8,1.0,strong
2024-04-17 01:00:00+00:00,BUY,141.88,8,1.0,strong
2024-04-17 09:00:00+00:00,SELL,132.72,-8,1.0,strong
2024-04-18 11:00:00+00:00,BUY,139.24,8,1.0,strong
2024-04-18 22:00:00+00:00,SELL,133.01,-8,1.0,strong
2024-04-19 03:00:00+00:00,BUY,145.93,8,1.0,strong
2024-04-24 11:00:00+00:00,SELL,154.41,-8,1.0,strong
2024-04-27 11:00:00+00:00,BUY,138.01,8,1.0,strong
2024-04-28 19:00:00+00:00,SELL,138.74,-8,1.0,strong
2024-04-29 21:00:00+00:00,BUY,139.14,8,1.0,strong
2024-04-30 05:00:00+00:00,SELL,130.82,-8,1.0,strong
2024-05-01 14:00:00+00:00,BUY,128.91,8,1.0,strong
2024-05-03 08:00:00+00:00,SELL,136.9,-8,1.0,strong
2024-05-04 00:00:00+00:00,BUY,145.94,8,1.0,strong
2024-05-07 19:00:00+00:00,SELL,149.03,-8,1.0,strong
2024-05-09 12:00:00+00:00,BUY,146.84,8,1.0,strong
2024-05-10 11:00:00+00:00,SELL,147.32,-8,1.0,strong
2024-05-13 06:00:00+00:00,BUY,145.54,6,0.75,strong
2024-05-14 11:00:00+00:00,SELL,143.35,-8,1.0,strong
2024-05-15 09:00:00+00:00,BUY,149.15,8,1.0,strong
2024-05-16 12:00:00+00:00,SELL,160.55,-8,1.0,strong
2024-05-17 03:00:00+00:00,BUY,167.92,8,1.0,strong
2024-05-19 09:00:00+00:00,SELL,169.44,-8,1.0,strong
2024-05-19 23:00:00+00:00,BUY,172.82,8,1.0,strong
2024-05-21 10:00:00+00:00,SELL,179.55,-8,1.0,strong
2024-05-27 08:00:00+00:00,BUY,167.36,8,1.0,strong
2024-05-27 23:00:00+00:00,SELL,168.38,-8,1.0,strong
2024-05-28 09:00:00+00:00,BUY,171.54,8,1.0,strong
2024-05-29 06:00:00+00:00,SELL,168.82,-8,1.0,strong
2024-05-30 10:00:00+00:00,BUY,169.01,6,0.75,strong
2024-05-31 12:00:00+00:00,SELL,164.61,-8,1.0,strong
2024-06-03 03:00:00+00:00,BUY,165.16,8,1.0,strong
2024-06-06 04:00:00+00:00,SELL,172.48,-8,1.0,strong
2024-06-09 09:00:00+00:00,BUY,160.61,8,1.0,strong
2024-06-10 00:00:00+00:00,SELL,159.76,-8,1.0,strong
2024-06-10 12:00:00+00:00,BUY,162.49,8,1.0,strong
2024-06-10 22:00:00+00:00,SELL,157.45,-8,1.0,strong
2024-06-12 01:00:00+00:00,BUY,150.78,8,1.0,strong
2024-06-12 16:00:00+00:00,SELL,153.19,-8,1.0,strong
2024-06-16 11:00:00+00:00,BUY,146.65,8,1.0,strong
2024-06-17 00:00:00+00:00,SELL,146.81,-8,1.0,strong
2024-06-18 21:00:00+00:00,BUY,139.11,8,1.0,strong
2024-06-19 17:00:00+00:00,SELL,135.02,-8,1.0,strong
2024-06-20 07:00:00+00:00,BUY,138.98,8,1.0,strong
2024-06-20 11:00:00+00:00,SELL,134.07,-8,1.0,strong
2024-06-21 19:00:00+00:00,BUY,135.25,6,0.75,strong
2024-06-23 11:00:00+00:00,SELL,132.1,-8,1.0,strong
2024-06-24 10:00:00+00:00,BUY,129.16,8,1.0,strong
2024-06-28 01:00:00+00:00,SELL,145.6,-6,0.75,strong
2024-06-30 05:00:00+00:00,BUY,141.1,8,1.0,strong
2024-06-30 14:00:00+00:00,SELL,143.86,-2,0.25,mild
2024-06-30 15:00:00+00:00,BUY,144.61,8,1.0,strong
2024-07-03 00:00:00+00:00,SELL,149.22,-8,1.0,strong
2024-07-05 09:00:00+00:00,BUY,128.48,6,0.75,strong
2024-07-07 02:00:00+00:00,SELL,140.36,-8,1.0,strong
2024-07-08 05:00:00+00:00,BUY,141.2,8,1.0,strong
2024-07-09 05:00:00+00:00,SELL,142.92,-2,0.25,mild
2024-07-10 01:00:00+00:00,BUY,145.15,8,1.0,strong
2024-07-11 12:00:00+00:00,SELL,137.62,-8,1.0,strong
2024-07-12 10:00:00+00:00,BUY,138.39,8,1.0,strong
2024-07-16 03:00:00+00:00,SELL,154.73,-8,1.0,strong
2024-07-16 12:00:00+00:00,BUY,161.83,8,1.0,strong
2024-07-17 12:00:00+00:00,SELL,158.15,-8,1.0,strong
2024-07-17 22:00:00+00:00,BUY,159.41,4,0.5,mild
2024-07-18 12:00:00+00:00,SELL,155.59,-8,1.0,strong
2024-07-18 19:00:00+00:00,BUY,160.08,8,1.0,strong
2024-07-22 05:00:00+00:00,SELL,177.7,-8,1.0,strong
2024-07-24 11:00:00+00:00,BUY,181.34,8,1.0,strong
2024-07-24 22:00:00+00:00,SELL,174.46,-8,1.0,strong
2024-07-26 10:00:00+00:00,BUY,182.54,8,1.0,strong
2024-07-27 12:00:00+00:00,SELL,182.99,-8,1.0,strong
2024-07-28 21:00:00+00:00,BUY,188.11,8,1.0,strong
2024-07-29 11:00:00+00:00,SELL,188.09,-8,1.0,strong
2024-08-01 21:00:00+00:00,BUY,166.39,6,0.75,strong
2024-08-02 03:00:00+00:00,SELL,161.62,-8,1.0,strong
2024-08-05 21:00:00+00:00,BUY,139.58,8,1.0,strong
2024-08-09 12:00:00+00:00,SELL,151.25,-8,1.0,strong
2024-08-12 08:00:00+00:00,BUY,149.65,8,1.0,strong
2024-08-14 18:00:00+00:00,SELL,143.01,-8,1.0,strong
2024-08-15 11:00:00+00:00,BUY,145.11,8,1.0,strong
2024-08-15 15:00:00+00:00,SELL,138.32,-8,1.0,strong
2024-08-17 21:00:00+00:00,BUY,142.41,8,1.0,strong
2024-08-18 20:00:00+00:00,SELL,142.28,-8,1.0,strong
2024-08-19 21:00:00+00:00,BUY,147.74,8,1.0,strong
2024-08-20 11:00:00+00:00,SELL,141.84,-8,1.0,strong
2024-08-21 16:00:00+00:00,BUY,144.19,8,1.0,strong
2024-08-25 04:00:00+00:00,SELL,156.09,-8,1.0,strong
2024-08-25 18:00:00+00:00,BUY,161.72,8,1.0,strong
2024-08-26 12:00:00+00:00,SELL,157.25,-8,1.0,strong
2024-08-29 08:00:00+00:00,BUY,145.65,6,0.75,strong
2024-08-29 15:00:00+00:00,SELL,138.72,-8,1.0,strong
2024-09-01 12:00:00+00:00,BUY,134.62,8,1.0,strong
2024-09-01 19:00:00+00:00,SELL,129.21,-8,1.0,strong
2024-09-02 17:00:00+00:00,BUY,134.84,8,1.0,strong
2024-09-03 10:00:00+00:00,SELL,131.13,-8,1.0,strong
2024-09-04 11:00:00+00:00,BUY,133.53,8,1.0,strong
2024-09-05 12:00:00+00:00,SELL,130.75,-8,1.0,strong
2024-09-06 09:00:00+00:00,BUY,133.2,8,1.0,strong
2024-09-06 12:00:00+00:00,SELL,127.79,-8,1.0,strong
2024-09-07 12:00:00+00:00,BUY,128.99,8,1.0,strong
2024-09-08 11:00:00+00:00,SELL,127.8,-6,0.75,strong
2024-09-08 19:00:00+00:00,BUY,130.0,8,1.0,strong
2024-09-09 13:00:00+00:00,SELL,133.03,-2,0.25,mild
2024-09-09 16:00:00+00:00,BUY,134.42,6,0.75,strong
2024-09-11 01:00:00+00:00,SELL,131.91,-8,1.0,strong
2024-09-11 21:00:00+00:00,BUY,134.06,8,1.0,strong
2024-09-13 08:00:00+00:00,SELL,132.52,-8,1.0,strong
2024-09-13 12:00:00+00:00,BUY,136.74,6,0.75,strong
2024-09-15 07:00:00+00:00,SELL,135.7,-8,1.0,strong
2024-09-17 02:00:00+00:00,BUY,132.46,8,1.0,strong
2024-09-18 06:00:00+00:00,SELL,129.42,-8,1.0,strong
2024-09-18 15:00:00+00:00,BUY,130.59,8,1.0,strong
2024-09-20 11:00:00+00:00,SELL,146.98,-8,1.0,strong
2024-09-21 20:00:00+00:00,BUY,149.5,8,1.0,strong
2024-09-22 03:00:00+00:00,SELL,146.52,-8,1.0,strong
2024-09-23 00:00:00+00:00,BUY,147.96,2,0.25,mild
2024-09-25 20:00:00+00:00,SELL,148.26,-8,1.0,strong
2024-09-26 03:00:00+00:00,BUY,150.59,8,1.0,strong
2024-09-28 03:00:00+00:00,SELL,156.68,-8,1.0,strong
2024-09-29 16:00:00+00:00,BUY,160.5,8,1.0,strong
2024-09-29 23:00:00+00:00,SELL,156.1,-6,0.75,strong
2024-10-04 09:00:00+00:00,BUY,141.56,8,1.0,strong
2024-10-05 17:00:00+00:00,SELL,141.25,-8,1.0,strong
2024-10-06 11:00:00+00:00,BUY,145.95,6,0.75,strong
2024-10-07 06:00:00+00:00,SELL,147.05,-8,1.0,strong
2024-10-07 11:00:00+00:00,BUY,149.74,8,1.0,strong
2024-10-07 19:00:00+00:00,SELL,143.52,-8,1.0,strong
2024-10-10 22:00:00+00:00,BUY,139.76,8,1.0,strong
2024-10-13 12:00:00+00:00,SELL,145.12,-8,1.0,strong
2024-10-13 18:00:00+00:00,BUY,148.8,8,1.0,strong
2024-10-15 02:00:00+00:00,SELL,154.15,-8,1.0,strong
2024-10-16 08:00:00+00:00,BUY,156.1,8,1.0,strong
2024-10-17 07:00:00+00:00,SELL,152.23,-8,1.0,strong
2024-10-18 00:00:00+00:00,BUY,152.06,6,0.75,strong
2024-10-21 10:00:00+00:00,SELL,162.76,-8,1.0,strong
2024-10-22 11:00:00+00:00,BUY,170.21,8,1.0,strong
2024-10-23 00:00:00+00:00,SELL,165.46,-8,1.0,strong
2024-10-23 10:00:00+00:00,BUY,168.28,8,1.0,strong
2024-10-25 01:00:00+00:00,SELL,172.85,-8,1.0,strong
2024-10-25 11:00:00+00:00,BUY,176.34,8,1.0,strong
2024-10-25 14:00:00+00:00,SELL,167.27,-8,1.0,strong
2024-10-26 16:00:00+00:00,BUY,171.5,8,1.0,strong
2024-10-28 02:00:00+00:00,SELL,174.15,-8,1.0,strong
2024-10-28 07:00:00+00:00,BUY,176.73,6,0.75,strong
2024-10-28 11:00:00+00:00,SELL,174.25,-8,1.0,strong
2024-10-28 19:00:00+00:00,BUY,178.7,8,1.0,strong
2024-10-29 17:00:00+00:00,SELL,178.19,-8,1.0,strong
2024-11-01 09:00:00+00:00,BUY,169.25,8,1.0,strong
2024-11-01 13:00:00+00:00,SELL,166.6,-8,1.0,strong
2024-11-03 22:00:00+00:00,BUY,164.4,2,0.25,mild
2024-11-04 14:00:00+00:00,SELL,159.35,-8,1.0,strong
2024-11-05 05:00:00+00:00,BUY,161.45,6,0.75,strong
2024-11-08 13:00:00+00:00,SELL,199.09,-8,1.0,strong
2024-11-09 22:00:00+00:00,BUY,202.22,8,1.0,strong
2024-11-10 16:00:00+00:00,SELL,201.52,-8,1.0,strong
2024-11-11 06:00:00+00:00,BUY,215.54,8,1.0,strong
2024-11-12 06:00:00+00:00,SELL,213.21,-8,1.0,strong
2024-11-13 09:00:00+00:00,BUY,211.57,6,0.75,strong
2024-11-13 16:00:00+00:00,SELL,209.57,-8,1.0,strong
2024-11-15 16:00:00+00:00,BUY,215.67,8,1.0,strong
2024-11-16 11:00:00+00:00,SELL,213.91,-8,1.0,strong
2024-11-16 23:00:00+00:00,BUY,224.11,8,1.0,strong
2024-11-18 15:00:00+00:00,SELL,236.4,-8,1.0,strong
2024-11-19 05:00:00+00:00,BUY,245.51,6,0.75,strong
2024-11-19 17:00:00+00:00,SELL,237.2,-8,1.0,strong
2024-11-20 10:00:00+00:00,BUY,239.78,8,1.0,strong
2024-11-20 13:00:00+00:00,SELL,233.22,-8,1.0,strong
2024-11-21 00:00:00+00:00,BUY,240.63,6,0.75,strong
2024-11-22 10:00:00+00:00,SELL,254.31,-8,1.0,strong
2024-11-23 00:00:00+00:00,BUY,263.55,8,1.0,strong
2024-11-23 13:00:00+00:00,SELL,256.37,-8,1.0,strong
2024-11-24 19:00:00+00:00,BUY,252.05,6,0.75,strong
2024-11-25 09:00:00+00:00,SELL,248.34,-8,1.0,strong
2024-11-27 06:00:00+00:00,BUY,235.29,8,1.0,strong
2024-11-28 05:00:00+00:00,SELL,235.03,-8,1.0,strong
2024-11-28 22:00:00+00:00,BUY,241.74,8,1.0,strong
2024-11-30 10:00:00+00:00,SELL,239.98,-8,1.0,strong
2024-12-03 17:00:00+00:00,BUY,236.84,8,1.0,strong
2024-12-04 08:00:00+00:00,SELL,232.32,-8,1.0,strong
2024-12-04 23:00:00+00:00,BUY,233.96,8,1.0,strong
2024-12-05 15:00:00+00:00,SELL,231.27,-8,1.0,strong
2024-12-05 21:00:00+00:00,BUY,243.49,8,1.0,strong
2024-12-06 08:00:00+00:00,SELL,232.06,-8,1.0,strong
2024-12-07 10:00:00+00:00,BUY,242.44,8,1.0,strong
2024-12-08 04:00:00+00:00,SELL,235.53,-8,1.0,strong
2024-12-11 04:00:00+00:00,BUY,221.44,6,0.75,strong
2024-12-13 02:00:00+00:00,SELL,223.75,-8,1.0,strong
2024-12-15 20:00:00+00:00,BUY,225.33,8,1.0,strong
2024-12-16 07:00:00+00:00,SELL,214.41,-8,1.0,strong
2024-12-16 14:00:00+00:00,BUY,220.09,8,1.0,strong
2024-12-16 20:00:00+00:00,SELL,212.68,-8,1.0,strong
2024-12-17 05:00:00+00:00,BUY,222.29,8,1.0,strong
2024-12-17 08:00:00+00:00,SELL,226.26,-2,0.25,mild
2024-12-17 09:00:00+00:00,BUY,223.19,8,1.0,strong
2024-12-17 21:00:00+00:00,SELL,218.72,-6,0.75,strong
2024-12-21 03:00:00+00:00,BUY,197.69,6,0.75,strong
2024-12-21 08:00:00+00:00,SELL,188.14,-8,1.0,strong
2024-12-23 15:00:00+00:00,BUY,187.49,8,1.0,strong
2024-12-26 03:00:00+00:00,SELL,192.44,-8,1.0,strong
2024-12-27 05:00:00+00:00,BUY,193.03,6,0.75,strong
2024-12-27 10:00:00+00:00,SELL,186.43,-8,1.0,strong
2024-12-28 09:00:00+00:00,BUY,187.85,8,1.0,strong
2024-12-29 16:00:00+00:00,SELL,192.16,-8,1.0,strong
2024-12-30 14:00:00+00:00,BUY,194.55,8,1.0,strong
2024-12-31 18:00:00+00:00,SELL,190.07,-6,0.75,strong
2025-01-01 15:00:00+00:00,BUY,193.54,8,1.0,strong
2025-01-05 05:00:00+00:00,SELL,213.44,-8,1.0,strong
2025-01-05 22:00:00+00:00,BUY,215.5,8,1.0,strong
2025-01-07 05:00:00+00:00,SELL,214.54,-6,0.75,strong
2025-01-11 16:00:00+00:00,BUY,190.55,8,1.0,strong
2025-01-12 22:00:00+00:00,SELL,186.3,-8,1.0,strong
2025-01-14 05:00:00+00:00,BUY,188.62,8,1.0,strong
2025-01-16 05:00:00+00:00,SELL,200.79,-8,1.0,strong
2025-01-16 07:00:00+00:00,BUY,215.48,8,1.0,strong
2025-01-19 17:00:00+00:00,SELL,249.66,-8,1.0,strong
2025-01-20 05:00:00+00:00,BUY,262.61,6,0.75,strong
2025-01-20 13:00:00+00:00,SELL,243.59,-8,1.0,strong
2025-01-21 13:00:00+00:00,BUY,250.07,8,1.0,strong
2025-01-22 22:00:00+00:00,SELL,249.0,-8,1.0,strong
2025-01-24 01:00:00+00:00,BUY,260.52,8,1.0,strong
2025-01-24 17:00:00+00:00,SELL,257.13,-8,1.0,strong
2025-01-25 11:00:00+00:00,BUY,254.02,8,1.0,strong
2025-01-26 17:00:00+00:00,SELL,249.15,-8,1.0,strong
2025-01-28 00:00:00+00:00,BUY,240.49,8,1.0,strong
2025-01-28 16:00:00+00:00,SELL,228.32,-8,1.0,strong
2025-01-29 17:00:00+00:00,BUY,235.02,8,1.0,strong
2025-01-31 14:00:00+00:00,SELL,231.28,-8,1.0,strong
2025-02-03 14:00:00+00:00,BUY,212.7,4,0.5,mild
2025-02-04 01:00:00+00:00,SELL,206.29,-8,1.0,strong
2025-02-04 11:00:00+00:00,BUY,217.57,8,1.0,strong
2025-02-04 16:00:00+00:00,SELL,205.43,-8,1.0,strong
2025-02-07 05:00:00+00:00,BUY,196.8,8,1.0,strong
2025-02-07 16:00:00+00:00,SELL,190.71,-8,1.0,strong
2025-02-08 18:00:00+00:00,BUY,199.37,8,1.0,strong
2025-02-09 09:00:00+00:00,SELL,198.0,-8,1.0,strong
2025-02-12 18:00:00+00:00,BUY,197.43,8,1.0,strong
2025-02-13 09:00:00+00:00,SELL,190.51,-8,1.0,strong
2025-02-13 20:00:00+00:00,BUY,195.9,6,0.75,strong
2025-02-15 05:00:00+00:00,SELL,194.72,-8,1.0,strong
2025-02-21 05:00:00+00:00,BUY,177.39,2,0.25,mild
2025-02-21 12:00:00+00:00,SELL,174.67,-8,1.0,strong
2025-02-27 02:00:00+00:00,BUY,141.34,8,1.0,strong
2025-02-27 21:00:00+00:00,SELL,131.61,-8,1.0,strong
2025-02-28 08:00:00+00:00,BUY,136.1,8,1.0,strong
2025-03-01 06:00:00+00:00,SELL,140.31,-8,1.0,strong
2025-03-01 20:00:00+00:00,BUY,145.07,8,1.0,strong
2025-03-02 10:00:00+00:00,SELL,140.86,-8,1.0,strong
2025-03-02 11:00:00+00:00,BUY,164.02,8,1.0,strong
2025-03-03 02:00:00+00:00,SELL,160.01,-8,1.0,strong
2025-03-04 14:00:00+00:00,BUY,143.73,8,1.0,strong
2025-03-06 20:00:00+00:00,SELL,136.78,-8,1.0,strong
2025-03-07 15:00:00+00:00,BUY,146.35,4,0.5,mild
2025-03-09 09:00:00+00:00,SELL,135.39,-8,1.0,strong
2025-03-12 08:00:00+00:00,BUY,127.33,8,1.0,strong
2025-03-13 14:00:00+00:00,SELL,121.95,-8,1.0,strong
2025-03-14 10:00:00+00:00,BUY,128.79,8,1.0,strong
2025-03-16 07:00:00+00:00,SELL,132.34,-8,1.0,strong
2025-03-19 07:00:00+00:00,BUY,126.53,6,0.75,strong
2025-03-20 07:00:00+00:00,SELL,131.01,-8,1.0,strong
2025-03-21 18:00:00+00:00,BUY,129.07,8,1.0,strong
2025-03-25 00:00:00+00:00,SELL,138.53,-8,1.0,strong
2025-03-25 10:00:00+00:00,BUY,144.64,8,1.0,strong
2025-03-26 11:00:00+00:00,SELL,140.0,-8,1.0,strong
2025-03-30 23:00:00+00:00,BUY,127.16,8,1.0,strong
2025-04-01 23:00:00+00:00,SELL,124.92,-8,1.0,strong
2025-04-02 11:00:00+00:00,BUY,128.45,8,1.0,strong
2025-04-02 18:00:00+00:00,SELL,124.05,-6,0.75,strong
2025-04-04 04:00:00+00:00,BUY,118.4,8,1.0,strong
2025-04-04 08:00:00+00:00,SELL,114.53,-8,1.0,strong
2025-04-04 12:00:00+00:00,BUY,118.57,8,1.0,strong
2025-04-05 09:00:00+00:00,SELL,118.97,-8,1.0,strong
2025-04-07 10:00:00+00:00,BUY,105.21,4,0.5,mild
2025-04-08 13:00:00+00:00,SELL,104.44,-8,1.0,strong
2025-04-09 13:00:00+00:00,BUY,109.19,8,1.0,strong
2025-04-10 10:00:00+00:00,SELL,113.1,-8,1.0,strong
2025-04-10 23:00:00+00:00,BUY,114.77,8,1.0,strong
2025-04-13 17:00:00+00:00,SELL,125.66,-8,1.0,strong
2025-04-13 23:00:00+00:00,BUY,133.33,8,1.0,strong
2025-04-14 12:00:00+00:00,SELL,129.11,-8,1.0,strong
2025-04-15 06:00:00+00:00,BUY,133.44,8,1.0,strong
2025-04-15 14:00:00+00:00,SELL,128.18,-8,1.0,strong
2025-04-16 13:00:00+00:00,BUY,129.51,8,1.0,strong
2025-04-20 04:00:00+00:00,SELL,139.43,-8,1.0,strong
2025-04-20 21:00:00+00:00,BUY,141.6,8,1.0,strong
2025-04-21 09:00:00+00:00,SELL,138.26,-8,1.0,strong
2025-04-21 22:00:00+00:00,BUY,139.54,8,1.0,strong
2025-04-24 00:00:00+00:00,SELL,148.17,-8,1.0,strong
2025-04-24 11:00:00+00:00,BUY,150.44,8,1.0,strong
2025-04-26 06:00:00+00:00,SELL,149.7,-8,1.0,strong
2025-04-28 03:00:00+00:00,BUY,150.63,8,1.0,strong
2025-04-28 11:00:00+00:00,SELL,147.22,-6,0.75,strong
2025-04-29 15:00:00+00:00,BUY,149.99,8,1.0,strong
2025-04-29 20:00:00+00:00,SELL,146.22,-8,1.0,strong
2025-04-30 16:00:00+00:00,BUY,145.95,8,1.0,strong
2025-05-02 03:00:00+00:00,SELL,148.76,-8,1.0,strong
2025-05-02 11:00:00+00:00,BUY,151.23,4,0.5,mild
2025-05-02 16:00:00+00:00,SELL,147.99,-8,1.0,strong
2025-05-04 14:00:00+00:00,BUY,147.65,8,1.0,strong
2025-05-04 20:00:00+00:00,SELL,144.09,-8,1.0,strong
2025-05-05 15:00:00+00:00,BUY,147.01,8,1.0,strong
2025-05-06 07:00:00+00:00,SELL,143.46,-8,1.0,strong
2025-05-06 18:00:00+00:00,BUY,145.81,8,1.0,strong
2025-05-11 10:00:00+00:00,SELL,171.54,-8,1.0,strong
2025-05-11 21:00:00+00:00,BUY,175.03,8,1.0,strong
2025-05-12 15:00:00+00:00,SELL,171.32,-8,1.0,strong
2025-05-13 09:00:00+00:00,BUY,174.14,8,1.0,strong
2025-05-14 11:00:00+00:00,SELL,175.87,-8,1.0,strong
2025-05-18 04:00:00+00:00,BUY,171.15,2,0.25,mild
2025-05-18 16:00:00+00:00,SELL,165.78,-8,1.0,strong
2025-05-19 13:00:00+00:00,BUY,166.77,8,1.0,strong
2025-05-23 08:00:00+00:00,SELL,176.55,-8,1.0,strong
2025-05-25 19:00:00+00:00,BUY,174.98,8,1.0,strong
2025-05-26 14:00:00+00:00,SELL,174.21,-8,1.0,strong
2025-05-27 10:00:00+00:00,BUY,178.06,8,1.0,strong
2025-05-28 11:00:00+00:00,SELL,170.33,-8,1.0,strong
2025-05-28 23:00:00+00:00,BUY,174.79,8,1.0,strong
2025-05-29 11:00:00+00:00,SELL,170.64,-8,1.0,strong
2025-06-01 13:00:00+00:00,BUY,156.18,8,1.0,strong
2025-06-02 11:00:00+00:00,SELL,152.44,-8,1.0,strong
2025-06-02 18:00:00+00:00,BUY,156.11,8,1.0,strong
2025-06-03 17:00:00+00:00,SELL,157.47,-8,1.0,strong
2025-06-06 09:00:00+00:00,BUY,151.11,8,1.0,strong
2025-06-08 06:00:00+00:00,SELL,148.5,-8,1.0,strong
2025-06-08 13:00:00+00:00,BUY,152.93,8,1.0,strong
2025-06-09 01:00:00+00:00,SELL,150.45,-8,1.0,strong
2025-06-09 07:00:00+00:00,BUY,155.18,8,1.0,strong
2025-06-11 18:00:00+00:00,SELL,160.08,-8,1.0,strong
2025-06-15 02:00:00+00:00,BUY,147.71,8,1.0,strong
2025-06-16 19:00:00+00:00,SELL,153.17,-8,1.0,strong
2025-06-19 19:00:00+00:00,BUY,146.55,8,1.0,strong
2025-06-20 11:00:00+00:00,SELL,144.23,-8,1.0,strong
2025-06-23 10:00:00+00:00,BUY,137.06,8,1.0,strong
2025-06-25 12:00:00+00:00,SELL,144.22,-8,1.0,strong
2025-06-25 23:00:00+00:00,BUY,147.78,8,1.0,strong
2025-06-26 10:00:00+00:00,SELL,142.45,-8,1.0,strong
2025-06-27 13:00:00+00:00,BUY,143.25,8,1.0,strong
2025-06-30 05:00:00+00:00,SELL,149.75,-8,1.0,strong
2025-06-30 12:00:00+00:00,BUY,157.4,8,1.0,strong
2025-07-01 02:00:00+00:00,SELL,151.29,-8,1.0,strong
2025-07-02 12:00:00+00:00,BUY,151.77,8,1.0,strong
2025-07-03 12:00:00+00:00,SELL,150.47,-8,1.0,strong
2025-07-06 09:00:00+00:00,BUY,148.62,8,1.0,strong
2025-07-07 13:00:00+00:00,SELL,150.13,-8,1.0,strong
2025-07-08 07:00:00+00:00,BUY,151.27,8,1.0,strong
2025-07-11 19:00:00+00:00,SELL,161.92,-8,1.0,strong
2025-07-13 04:00:00+00:00,BUY,162.42,8,1.0,strong
2025-07-13 19:00:00+00:00,SELL,160.81,-8,1.0,strong
2025-07-13 23:00:00+00:00,BUY,164.99,8,1.0,strong
2025-07-14 12:00:00+00:00,SELL,163.61,-8,1.0,strong
2025-07-15 14:00:00+00:00,BUY,162.78,8,1.0,strong
2025-07-17 00:00:00+00:00,SELL,169.44,-8,1.0,strong
2025-07-17 06:00:00+00:00,BUY,176.87,8,1.0,strong
2025-07-18 12:00:00+00:00,SELL,177.49,-8,1.0,strong
2025-07-20 05:00:00+00:00,BUY,180.92,8,1.0,strong
2025-07-23 06:00:00+00:00,SELL,197.33,-8,1.0,strong
2025-07-24 12:00:00+00:00,BUY,188.41,8,1.0,strong
2025-07-24 23:00:00+00:00,SELL,178.27,-8,1.0,strong
2025-07-26 06:00:00+00:00,BUY,189.55,8,1.0,strong
2025-07-28 11:00:00+00:00,SELL,187.81,-8,1.0,strong
2025-08-03 21:00:00+00:00,BUY,164.49,8,1.0,strong
2025-08-05 11:00:00+00:00,SELL,164.52,-8,1.0,strong
2025-08-06 11:00:00+00:00,BUY,167.82,8,1.0,strong
2025-08-07 13:00:00+00:00,SELL,168.55,-8,1.0,strong
2025-08-07 18:00:00+00:00,BUY,173.83,8,1.0,strong
2025-08-09 22:00:00+00:00,SELL,184.38,-2,0.25,mild
2025-08-09 23:00:00+00:00,BUY,184.32,8,1.0,strong
2025-08-10 03:00:00+00:00,SELL,181.14,-8,1.0,strong
2025-08-11 02:00:00+00:00,BUY,185.5,6,0.75,strong
2025-08-11 08:00:00+00:00,SELL,179.21,-8,1.0,strong
2025-08-12 11:00:00+00:00,BUY,179.76,8,1.0,strong
2025-08-14 09:00:00+00:00,SELL,188.42,-8,1.0,strong
2025-08-15 02:00:00+00:00,BUY,197.79,8,1.0,strong
2025-08-15 10:00:00+00:00,SELL,191.66,-8,1.0,strong
2025-08-17 12:00:00+00:00,BUY,195.19,8,1.0,strong
2025-08-17 22:00:00+00:00,SELL,186.64,-8,1.0,strong
2025-08-20 12:00:00+00:00,BUY,183.5,8,1.0,strong
2025-08-21 09:00:00+00:00,SELL,184.37,-8,1.0,strong
2025-08-22 11:00:00+00:00,BUY,192.56,8,1.0,strong
2025-08-24 17:00:00+00:00,SELL,202.75,-8,1.0,strong
2025-08-24 23:00:00+00:00,BUY,212.0,8,1.0,strong
2025-08-25 04:00:00+00:00,SELL,198.43,-8,1.0,strong
2025-08-26 13:00:00+00:00,BUY,193.29,6,0.75,strong
2025-08-29 04:00:00+00:00,SELL,208.94,-8,1.0,strong
2025-08-30 21:00:00+00:00,BUY,204.98,8,1.0,strong
2025-08-31 20:00:00+00:00,SELL,199.69,-8,1.0,strong
2025-09-01 23:00:00+00:00,BUY,202.05,8,1.0,strong
2025-09-02 09:00:00+00:00,SELL,198.74,-6,0.75,strong
2025-09-02 15:00:00+00:00,BUY,206.56,8,1.0,strong
2025-09-04 01:00:00+00:00,SELL,206.56,-8,1.0,strong
2025-09-05 04:00:00+00:00,BUY,207.39,8,1.0,strong
2025-09-05 12:00:00+00:00,SELL,203.06,-6,0.75,strong
2025-09-07 12:00:00+00:00,BUY,205.16,8,1.0,strong
2025-09-07 15:00:00+00:00,SELL,202.42,-8,1.0,strong
2025-09-07 19:00:00+00:00,BUY,207.81,8,1.0,strong
2025-09-08 23:00:00+00:00,SELL,212.09,-8,1.0,strong
2025-09-09 03:00:00+00:00,BUY,218.84,8,1.0,strong
2025-09-09 11:00:00+00:00,SELL,214.37,-8,1.0,strong
2025-09-09 23:00:00+00:00,BUY,218.73,8,1.0,strong
2025-09-13 11:00:00+00:00,SELL,240.59,-8,1.0,strong
2025-09-13 22:00:00+00:00,BUY,246.93,8,1.0,strong
2025-09-14 11:00:00+00:00,SELL,242.58,-8,1.0,strong
2025-09-16 13:00:00+00:00,BUY,238.88,8,1.0,strong
2025-09-19 00:00:00+00:00,SELL,244.28,-8,1.0,strong
2025-09-20 12:00:00+00:00,BUY,240.87,8,1.0,strong
2025-09-21 06:00:00+00:00,SELL,238.71,-8,1.0,strong
2025-09-24 11:00:00+00:00,BUY,215.18,8,1.0,strong
2025-09-24 22:00:00+00:00,SELL,209.2,-8,1.0,strong
2025-09-26 13:00:00+00:00,BUY,199.93,8,1.0,strong
2025-09-28 08:00:00+00:00,SELL,199.63,-8,1.0,strong
2025-09-28 12:00:00+00:00,BUY,204.01,8,1.0,strong
