Date,Close/Last,Volume,Open,High,Low
10/03/2025,$2.18,1073489,$1.905,$2.24,$1.905
10/02/2025,$1.91,888943,$1.80,$1.91,$1.75
10/01/2025,$1.81,286404,$1.82,$1.86,$1.745
09/30/2025,$1.83,214283,$1.73,$1.83,$1.71
09/29/2025,$1.75,437803,$1.89,$1.8982,$1.72
09/26/2025,$1.87,700468,$1.76,$1.89,$1.66
09/25/2025,$1.79,1677588,$1.53,$1.84,$1.52
09/24/2025,$1.55,1566476,$1.28,$1.57,$1.27
09/23/2025,$1.26,599827,$1.25,$1.325,$1.24
09/22/2025,$1.27,739128,$1.22,$1.28,$1.13
09/19/2025,$1.21,3702066,$1.23,$1.40,$1.18
09/18/2025,$1.09,187208,$1.04,$1.09,$1.03
09/17/2025,$1.05,415627,$1.10,$1.13,$1.05
09/16/2025,$1.08,185103,$1.04,$1.10,$1.04
09/15/2025,$1.05,186189,$1.06,$1.1096,$1.02
09/12/2025,$1.06,411429,$1.18,$1.18,$1.01
09/11/2025,$1.18,361656,$1.18,$1.27,$1.18
09/10/2025,$1.17,281316,$1.10,$1.20,$1.10
09/09/2025,$1.09,285225,$1.10,$1.13,$1.06
09/08/2025,$1.11,351287,$1.22,$1.2249,$1.095
09/05/2025,$1.22,827913,$1.05,$1.255,$1.0113
09/04/2025,$1.08,237788,$1.01,$1.08,$0.99
09/03/2025,$1.02,301074,$1.00,$1.05,$0.96
09/02/2025,$1.03,708453,$1.13,$1.14,$1.015
08/29/2025,$1.17,526637,$1.14,$1.1785,$1.10
08/28/2025,$1.14,560003,$1.23,$1.25,$1.13
08/27/2025,$1.20,948180,$1.13,$1.25,$1.122
08/26/2025,$1.10,781719,$1.10,$1.16,$1.05
08/25/2025,$1.10,935289,$1.2179,$1.2179,$1.10
08/22/2025,$1.17,2878179,$1.05,$1.19,$1.03
08/21/2025,$1.03,2860680,$0.86,$1.05,$0.85
08/20/2025,$0.832,1104954,$0.90,$0.925,$0.7961
08/19/2025,$0.8896,2810886,$0.80,$0.983,$0.80
08/18/2025,$0.9709,16245180,$0.6823,$1.04,$0.6601
08/15/2025,$0.6443,219713,$0.6404,$0.6692,$0.6245
08/14/2025,$0.655,190310,$0.67,$0.6751,$0.6324
08/13/2025,$0.6606,606294,$0.62,$0.6927,$0.6171
08/12/2025,$0.6151,221695,$0.6268,$0.6268,$0.601
08/11/2025,$0.6145,296581,$0.65,$0.6724,$0.6111
08/08/2025,$0.6768,327802,$0.70,$0.70,$0.6475
08/07/2025,$0.7048,595695,$0.72,$0.72,$0.6605
08/06/2025,$0.701,697894,$0.6563,$0.72,$0.6563
08/05/2025,$0.6611,843230,$0.5737,$0.6649,$0.555
08/04/2025,$0.5867,313714,$0.517,$0.5895,$0.51
08/01/2025,$0.5181,415913,$0.55,$0.55,$0.51
07/31/2025,$0.5675,180012,$0.5791,$0.59,$0.56
07/30/2025,$0.597,574529,$0.59,$0.615,$0.57
07/29/2025,$0.58,1246270,$0.61,$0.6276,$0.56
07/28/2025,$0.626,1993946,$0.53,$0.636,$0.5288
07/25/2025,$0.5262,221192,$0.54,$0.54,$0.5081
07/24/2025,$0.54,645553,$0.5125,$0.54,$0.5056
07/23/2025,$0.5062,578286,$0.50,$0.5073,$0.4799
07/22/2025,$0.4799,241735,$0.4749,$0.484,$0.444
07/21/2025,$0.48,855603,$0.5066,$0.54,$0.4672
07/18/2025,$0.5066,297402,$0.47,$0.51,$0.4652
07/17/2025,$0.492,397913,$0.47,$0.50,$0.4665
07/16/2025,$0.467,243997,$0.4698,$0.4838,$0.451
07/15/2025,$0.4665,461236,$0.4569,$0.4899,$0.45
07/14/2025,$0.4688,280053,$0.485,$0.49,$0.45
07/11/2025,$0.4825,282188,$0.509,$0.51,$0.4803
07/10/2025,$0.497,339723,$0.5098,$0.53,$0.4845
07/09/2025,$0.5003,834078,$0.4526,$0.5098,$0.4526
07/08/2025,$0.4587,318202,$0.442,$0.465,$0.441
07/07/2025,$0.444,422654,$0.4542,$0.4698,$0.4399
07/03/2025,$0.4601,235616,$0.45,$0.468,$0.4452
07/02/2025,$0.445,273655,$0.43,$0.45,$0.42
07/01/2025,$0.4333,678140,$0.42,$0.4575,$0.4103
06/30/2025,$0.4151,379868,$0.425,$0.4436,$0.4102
06/27/2025,$0.4058,5317418,$0.4534,$0.4606,$0.404
06/26/2025,$0.4526,220716,$0.462,$0.462,$0.4433
06/25/2025,$0.4577,288167,$0.4631,$0.4666,$0.4515
06/24/2025,$0.4551,264765,$0.478,$0.4887,$0.4502
06/23/2025,$0.4597,434825,$0.48,$0.4997,$0.4449
06/20/2025,$0.484,243240,$0.50,$0.525,$0.4728
06/18/2025,$0.4865,250650,$0.4925,$0.5005,$0.4813
06/17/2025,$0.4953,297533,$0.525,$0.55,$0.4801
06/16/2025,$0.5316,198623,$0.54,$0.5523,$0.5014
06/13/2025,$0.5124,250013,$0.56,$0.56,$0.51
06/12/2025,$0.5407,254918,$0.554,$0.5745,$0.529
06/11/2025,$0.5485,507070,$0.5499,$0.5862,$0.54
06/10/2025,$0.5338,912485,$0.5762,$0.583,$0.5313
06/09/2025,$0.5787,377588,$0.59,$0.63,$0.575
06/06/2025,$0.579,967011,$0.56,$0.59,$0.525
06/05/2025,$0.525,202456,$0.53,$0.546,$0.5155
06/04/2025,$0.5341,212077,$0.5577,$0.5699,$0.531
06/03/2025,$0.5547,475853,$0.57,$0.589,$0.5335
06/02/2025,$0.5587,496554,$0.4873,$0.56,$0.4696
05/30/2025,$0.4855,369106,$0.4825,$0.4981,$0.4627
05/29/2025,$0.4672,202027,$0.46,$0.4699,$0.4425
05/28/2025,$0.4481,245453,$0.46,$0.4799,$0.4475
05/27/2025,$0.4483,328984,$0.4631,$0.47,$0.4311
05/23/2025,$0.4637,368561,$0.495,$0.495,$0.4557
05/22/2025,$0.4789,792318,$0.42,$0.48,$0.4199
05/21/2025,$0.409,357598,$0.4288,$0.4458,$0.4051
05/20/2025,$0.4288,444286,$0.44,$0.449,$0.4211
05/19/2025,$0.4313,535817,$0.4295,$0.4579,$0.4124
05/16/2025,$0.4374,328241,$0.4357,$0.4506,$0.4281
05/15/2025,$0.4358,342941,$0.4556,$0.4701,$0.4207
05/14/2025,$0.4594,549087,$0.485,$0.5346,$0.436
05/13/2025,$0.481,537473,$0.44,$0.481,$0.44
05/12/2025,$0.4352,450360,$0.4223,$0.4488,$0.417
05/09/2025,$0.4223,814069,$0.4754,$0.48,$0.41
05/08/2025,$0.4602,841421,$0.497,$0.497,$0.441
05/07/2025,$0.4841,517618,$0.50,$0.5096,$0.4605
05/06/2025,$0.5037,366017,$0.531,$0.5314,$0.501
05/05/2025,$0.55,315359,$0.5296,$0.5522,$0.5125
05/02/2025,$0.5329,394306,$0.52,$0.5397,$0.511
05/01/2025,$0.5157,269515,$0.5282,$0.5393,$0.5042
04/30/2025,$0.54,390242,$0.5032,$0.54,$0.4923
04/29/2025,$0.51,616681,$0.5275,$0.5399,$0.4902
04/28/2025,$0.5303,427897,$0.52,$0.5642,$0.5115
04/25/2025,$0.5417,1490283,$0.5254,$0.627,$0.5254
04/24/2025,$0.601,362549,$0.60,$0.6383,$0.583
04/23/2025,$0.58,477815,$0.615,$0.66,$0.5745
04/22/2025,$0.5929,427883,$0.58,$0.5973,$0.5376
04/21/2025,$0.5662,251931,$0.5478,$0.5736,$0.531
04/17/2025,$0.55,337512,$0.55,$0.5768,$0.541
04/16/2025,$0.56,408378,$0.548,$0.575,$0.5302
04/15/2025,$0.5452,692884,$0.5171,$0.548,$0.505
04/14/2025,$0.5013,401655,$0.53,$0.53,$0.4819
04/11/2025,$0.49,810855,$0.4656,$0.5266,$0.4651
04/10/2025,$0.48,654252,$0.51,$0.528,$0.46
04/09/2025,$0.5187,604742,$0.503,$0.5463,$0.50
04/08/2025,$0.5057,304844,$0.5331,$0.5765,$0.50
04/07/2025,$0.5353,797501,$0.5533,$0.5769,$0.49
04/04/2025,$0.5159,619360,$0.5153,$0.5394,$0.4806
04/03/2025,$0.5331,705083,$0.5754,$0.597,$0.5331
04/02/2025,$0.5955,561137,$0.6015,$0.6298,$0.571
04/01/2025,$0.612,222120,$0.6101,$0.6272,$0.5955
03/31/2025,$0.623,605049,$0.67,$0.67,$0.5912
03/28/2025,$0.6551,193430,$0.7086,$0.72,$0.655
03/27/2025,$0.7142,449074,$0.69,$0.7154,$0.6532
03/26/2025,$0.6796,307836,$0.7016,$0.7398,$0.67
03/25/2025,$0.7172,370444,$0.6911,$0.7279,$0.6892
03/24/2025,$0.6903,783288,$0.7123,$0.73,$0.69
03/21/2025,$0.7071,766439,$0.74,$0.7588,$0.6801
03/20/2025,$0.7485,315641,$0.7695,$0.7831,$0.731
03/19/2025,$0.7717,316126,$0.7622,$0.773,$0.731
03/18/2025,$0.7419,507598,$0.788,$0.7999,$0.7329
03/17/2025,$0.7836,636032,$0.857,$0.87,$0.772
03/14/2025,$0.8301,359455,$0.8534,$0.86,$0.8294
03/13/2025,$0.8314,647450,$0.96,$0.99,$0.8314
03/12/2025,$0.9594,799397,$1.00,$1.00,$0.9118
03/11/2025,$0.9734,870350,$0.9101,$1.04,$0.8988
03/10/2025,$0.8936,1397942,$1.05,$1.08,$0.8936
03/07/2025,$1.06,3413581,$1.25,$1.25,$1.02
03/06/2025,$1.31,13695450,$1.07,$1.50,$1.07
03/05/2025,$1.04,615596,$1.00,$1.06,$0.9826
03/04/2025,$1.00,772785,$1.04,$1.04,$0.9464
03/03/2025,$1.03,446336,$1.08,$1.11,$1.015
02/28/2025,$1.10,334012,$1.06,$1.12,$1.05
02/27/2025,$1.07,497483,$1.05,$1.12,$1.03
02/26/2025,$1.06,479311,$1.03,$1.095,$1.03
02/25/2025,$1.05,467251,$1.07,$1.09,$1.03
02/24/2025,$1.07,409801,$1.10,$1.115,$1.04
02/21/2025,$1.12,231999,$1.14,$1.16,$1.10
02/20/2025,$1.12,237682,$1.20,$1.22,$1.105
02/19/2025,$1.19,442550,$1.15,$1.20,$1.13
02/18/2025,$1.18,679800,$1.12,$1.20,$1.11
02/14/2025,$1.10,314029,$1.08,$1.13,$1.06
02/13/2025,$1.08,460541,$1.05,$1.08,$1.00
02/12/2025,$1.07,403813,$1.01,$1.09,$1.01
02/11/2025,$1.04,593032,$1.01,$1.06,$0.9626
02/10/2025,$1.04,700086,$1.11,$1.135,$1.03
02/07/2025,$1.09,981570,$1.20,$1.202,$1.08
02/06/2025,$1.20,826230,$1.24,$1.27,$1.19
02/05/2025,$1.24,931797,$1.27,$1.29,$1.20
02/04/2025,$1.29,604045,$1.30,$1.33,$1.2501
02/03/2025,$1.32,1203673,$1.41,$1.41,$1.2201
01/31/2025,$1.46,1033906,$1.33,$1.46,$1.325
01/30/2025,$1.305,1804783,$1.48,$1.48,$1.30
01/29/2025,$1.46,657582,$1.50,$1.51,$1.45
01/28/2025,$1.53,861292,$1.54,$1.54,$1.39
01/27/2025,$1.555,1048080,$1.45,$1.56,$1.43
01/24/2025,$1.515,1489179,$1.55,$1.55,$1.45
01/23/2025,$1.63,6378260,$1.45,$1.63,$1.345
01/22/2025,$1.80,1440004,$1.76,$1.87,$1.66
01/21/2025,$1.65,1605290,$1.80,$1.80,$1.6301
01/17/2025,$1.74,579746,$1.63,$1.77,$1.625
01/16/2025,$1.63,294465,$1.64,$1.6498,$1.58
01/15/2025,$1.63,449500,$1.61,$1.69,$1.56
01/14/2025,$1.59,546811,$1.69,$1.766,$1.58
01/13/2025,$1.69,818855,$1.85,$1.8505,$1.63
01/10/2025,$1.77,1078511,$1.81,$1.865,$1.71
01/08/2025,$1.85,994185,$1.85,$1.94,$1.7707
01/07/2025,$1.86,716148,$1.79,$1.89,$1.76
01/06/2025,$1.79,744924,$1.80,$1.858,$1.76
01/03/2025,$1.81,1142707,$1.56,$1.87,$1.56
01/02/2025,$1.56,760353,$1.70,$1.7297,$1.56
12/31/2024,$1.67,651924,$1.66,$1.708,$1.56
12/30/2024,$1.66,1125694,$1.58,$1.70,$1.5403
12/27/2024,$1.62,470455,$1.67,$1.705,$1.58
12/26/2024,$1.69,558543,$1.76,$1.885,$1.67
12/24/2024,$1.83,545910,$1.86,$1.965,$1.75
12/23/2024,$1.87,1877495,$1.63,$1.93,$1.63
12/20/2024,$1.62,2165199,$1.51,$1.67,$1.51
12/19/2024,$1.48,2721094,$1.78,$1.805,$1.47
12/18/2024,$1.84,3208807,$1.82,$2.05,$1.68
12/17/2024,$1.79,1736642,$1.53,$1.88,$1.52
12/16/2024,$1.54,673958,$1.46,$1.60,$1.435
12/13/2024,$1.45,795136,$1.43,$1.515,$1.42
12/12/2024,$1.42,2638641,$1.52,$1.61,$1.40
12/11/2024,$1.51,1135588,$1.58,$1.59,$1.51
12/10/2024,$1.58,1258228,$1.66,$1.72,$1.56
12/09/2024,$1.72,727325,$1.64,$1.79,$1.64
12/06/2024,$1.62,1181437,$1.82,$1.82,$1.60
12/05/2024,$1.81,1751625,$1.58,$1.87,$1.58
12/04/2024,$1.56,1192023,$1.56,$1.68,$1.52
12/03/2024,$1.55,1487494,$1.66,$1.81,$1.545
12/02/2024,$1.66,1598929,$1.48,$1.69,$1.47
11/29/2024,$1.48,290646,$1.53,$1.57,$1.4505
11/27/2024,$1.51,330462,$1.52,$1.53,$1.4716
11/26/2024,$1.49,550419,$1.48,$1.55,$1.47
11/25/2024,$1.47,1117811,$1.43,$1.595,$1.43
11/22/2024,$1.41,968927,$1.27,$1.44,$1.27
11/21/2024,$1.29,449390,$1.22,$1.33,$1.21
11/20/2024,$1.21,580034,$1.22,$1.2496,$1.21
11/19/2024,$1.23,922010,$1.22,$1.265,$1.19
11/18/2024,$1.22,1681073,$1.27,$1.30,$1.21
11/15/2024,$1.29,573890,$1.35,$1.35,$1.25
11/14/2024,$1.33,1387384,$1.33,$1.38,$1.325
11/13/2024,$1.34,1022290,$1.35,$1.41,$1.295
11/12/2024,$1.34,983869,$1.47,$1.50,$1.34
11/11/2024,$1.48,738507,$1.50,$1.575,$1.47
11/08/2024,$1.45,917803,$1.55,$1.63,$1.44
11/07/2024,$1.51,808133,$1.53,$1.555,$1.4505
11/06/2024,$1.53,739318,$1.54,$1.57,$1.44
11/05/2024,$1.52,498216,$1.48,$1.52,$1.4462
11/04/2024,$1.49,791145,$1.45,$1.565,$1.43
11/01/2024,$1.45,752799,$1.41,$1.515,$1.40
10/31/2024,$1.43,1094050,$1.39,$1.47,$1.335
10/30/2024,$1.38,1045148,$1.42,$1.44,$1.36
10/29/2024,$1.40,979585,$1.46,$1.53,$1.37
10/28/2024,$1.46,792921,$1.47,$1.525,$1.43
10/25/2024,$1.47,298689,$1.50,$1.505,$1.46
10/24/2024,$1.455,823799,$1.67,$1.67,$1.45
10/23/2024,$1.66,1285073,$1.48,$1.7696,$1.46
10/22/2024,$1.50,1856670,$1.47,$1.57,$1.46
10/21/2024,$1.50,637384,$1.48,$1.555,$1.43
10/18/2024,$1.48,327637,$1.50,$1.51,$1.45
10/17/2024,$1.51,752080,$1.56,$1.57,$1.48
10/16/2024,$1.56,588682,$1.56,$1.62,$1.55
10/15/2024,$1.56,385920,$1.56,$1.575,$1.52
10/14/2024,$1.55,316989,$1.55,$1.61,$1.50
10/11/2024,$1.54,560482,$1.45,$1.55,$1.44
10/10/2024,$1.44,630632,$1.59,$1.605,$1.42
10/09/2024,$1.62,272429,$1.68,$1.68,$1.59
10/08/2024,$1.65,288465,$1.61,$1.67,$1.58
10/07/2024,$1.59,393105,$1.68,$1.69,$1.56
10/04/2024,$1.68,371628,$1.72,$1.74,$1.64
10/03/2024,$1.72,594466,$1.80,$1.83,$1.68
10/02/2024,$1.83,484897,$1.91,$1.93,$1.80
10/01/2024,$1.86,544175,$1.82,$1.91,$1.77
09/30/2024,$1.82,610278,$1.96,$1.99,$1.77
09/27/2024,$1.97,508961,$1.90,$2.0108,$1.88
09/26/2024,$1.87,496754,$1.83,$1.88,$1.76
09/25/2024,$1.81,645217,$1.94,$1.94,$1.79
09/24/2024,$1.95,537811,$2.04,$2.06,$1.87
09/23/2024,$1.99,646582,$2.08,$2.08,$1.93
09/20/2024,$2.07,887993,$2.17,$2.215,$2.06
09/19/2024,$2.17,401614,$2.21,$2.26,$2.14
09/18/2024,$2.14,389418,$2.18,$2.26,$2.13
09/17/2024,$2.18,423344,$2.22,$2.22,$2.14
09/16/2024,$2.18,428134,$2.25,$2.36,$2.155
09/13/2024,$2.22,235166,$2.16,$2.22,$2.155
09/12/2024,$2.14,231911,$2.18,$2.24,$2.122
09/11/2024,$2.18,261517,$2.15,$2.19,$2.10
09/10/2024,$2.16,708561,$2.10,$2.19,$2.01
09/09/2024,$2.10,620718,$1.92,$2.10,$1.88
09/06/2024,$1.91,746646,$1.96,$2.0099,$1.88
09/05/2024,$1.99,541795,$2.06,$2.11,$1.965
09/04/2024,$2.06,790749,$2.12,$2.20,$2.021
09/03/2024,$2.14,668244,$2.30,$2.31,$2.08
08/30/2024,$2.32,860716,$2.33,$2.3655,$2.245
08/29/2024,$2.30,430468,$2.37,$2.42,$2.30
08/28/2024,$2.34,640179,$2.48,$2.49,$2.30
08/27/2024,$2.49,702236,$2.53,$2.57,$2.42
08/26/2024,$2.57,951563,$2.39,$2.585,$2.32
08/23/2024,$2.39,744507,$2.36,$2.48,$2.34
08/22/2024,$2.33,1164256,$2.53,$2.57,$2.30
08/21/2024,$2.50,643228,$2.50,$2.60,$2.46
08/20/2024,$2.51,874900,$2.60,$2.73,$2.48
08/19/2024,$2.57,865910,$2.51,$2.6599,$2.50
08/16/2024,$2.54,845086,$2.62,$2.73,$2.53
08/15/2024,$2.65,1420708,$2.58,$2.79,$2.56
08/14/2024,$2.58,1539136,$2.69,$2.77,$2.52
08/13/2024,$2.64,1020944,$2.46,$2.655,$2.46
08/12/2024,$2.52,1535957,$2.61,$2.65,$2.42
08/09/2024,$2.61,1577240,$2.74,$2.75,$2.49
08/08/2024,$2.63,1501565,$2.51,$2.69,$2.45
08/07/2024,$2.57,1843502,$2.75,$2.75,$2.50
08/06/2024,$2.75,1225683,$2.78,$2.80,$2.60
08/05/2024,$2.73,2104184,$2.56,$2.89,$2.50
08/02/2024,$2.86,3279303,$2.87,$3.02,$2.51
08/01/2024,$2.80,10800280,$3.20,$3.49,$2.715
07/31/2024,$4.80,8653172,$5.52,$5.60,$4.21
07/30/2024,$5.45,1371217,$5.95,$6.02,$5.22
07/29/2024,$5.85,977559,$6.03,$6.076,$5.71
07/26/2024,$6.05,736385,$6.28,$6.3786,$5.99
07/25/2024,$6.10,804015,$6.26,$6.44,$5.99
07/24/2024,$6.21,619351,$6.54,$6.75,$6.17
07/23/2024,$6.65,705273,$6.64,$6.835,$6.55
07/22/2024,$6.73,829067,$6.34,$6.78,$6.05
07/19/2024,$6.15,1412760,$6.62,$6.64,$6.105
07/18/2024,$6.61,811484,$7.66,$7.77,$6.52
07/17/2024,$7.66,852450,$8.00,$8.11,$7.64
07/16/2024,$8.13,1050946,$8.17,$8.78,$7.83
07/15/2024,$8.00,1058388,$7.16,$8.04,$6.89
07/12/2024,$7.06,1528560,$7.76,$7.99,$6.81
07/11/2024,$7.70,1558733,$6.84,$8.00,$6.80
07/10/2024,$6.76,1199578,$6.37,$6.77,$6.34
07/09/2024,$6.36,587343,$5.65,$6.38,$5.45
07/08/2024,$5.64,862523,$5.49,$5.84,$5.32
07/05/2024,$5.45,937817,$5.50,$5.74,$5.29
07/03/2024,$5.60,452088,$5.72,$6.09,$5.56
07/02/2024,$5.72,473304,$5.97,$6.06,$5.70
07/01/2024,$5.99,671311,$5.82,$6.25,$5.77
06/28/2024,$6.03,3587184,$5.68,$6.21,$5.55
06/27/2024,$5.835,875758,$5.88,$6.18,$5.7101
06/26/2024,$5.88,1358757,$6.60,$6.60,$5.618
06/25/2024,$6.57,1510578,$6.55,$6.88,$6.07
06/24/2024,$6.55,995272,$6.57,$6.79,$6.3641
06/21/2024,$6.56,851204,$7.13,$7.13,$6.55
06/20/2024,$6.88,791292,$6.92,$7.24,$6.75
06/18/2024,$6.93,946776,$7.38,$7.46,$6.81
06/17/2024,$7.38,1066751,$8.48,$8.55,$7.29
06/14/2024,$8.05,381402,$8.36,$8.40,$7.98
06/13/2024,$8.44,541630,$8.55,$8.75,$8.34
06/12/2024,$8.53,491831,$8.74,$9.04,$8.43
06/11/2024,$8.56,475902,$8.61,$8.78,$8.31
06/10/2024,$8.67,554681,$8.86,$8.975,$8.55
06/07/2024,$9.01,860089,$9.09,$9.3981,$8.80
06/06/2024,$9.28,1474313,$8.74,$9.29,$8.57
06/05/2024,$8.80,1938861,$8.58,$9.30,$8.37
06/04/2024,$8.37,1000871,$8.79,$8.9293,$8.16
06/03/2024,$8.96,4263202,$10.69,$10.97,$8.44
05/31/2024,$10.63,664943,$10.61,$11.08,$10.44
05/30/2024,$10.65,523543,$11.19,$11.225,$10.64
05/29/2024,$11.19,1129196,$12.50,$12.50,$11.08
05/28/2024,$12.56,396293,$13.37,$13.39,$12.48
05/24/2024,$13.17,526822,$14.68,$15.21,$12.99
05/23/2024,$14.69,1361649,$15.00,$15.345,$14.04
05/22/2024,$15.00,418241,$13.64,$15.07,$13.60
05/21/2024,$13.62,363702,$13.82,$14.18,$13.33
05/20/2024,$13.79,307558,$13.99,$14.16,$13.72
05/17/2024,$14.21,199968,$14.68,$14.6814,$14.13
05/16/2024,$14.66,224310,$14.99,$15.00,$14.40
05/15/2024,$15.02,321855,$15.72,$15.87,$14.98
05/14/2024,$15.17,385283,$15.96,$16.29,$14.875
05/13/2024,$15.61,438228,$16.55,$16.97,$15.4478
05/10/2024,$16.21,388639,$17.50,$17.50,$15.94
05/09/2024,$16.95,360288,$16.43,$17.10,$16.00
05/08/2024,$16.61,471166,$17.34,$17.56,$16.02
05/07/2024,$17.56,950245,$15.68,$17.825,$15.47
05/06/2024,$15.78,976158,$15.55,$16.45,$15.38
05/03/2024,$15.36,1284838,$16.92,$17.13,$15.2144
05/02/2024,$16.62,494357,$17.39,$17.39,$16.53
05/01/2024,$16.94,424667,$17.02,$17.47,$16.85
04/30/2024,$17.02,527120,$16.77,$17.1461,$16.47
04/29/2024,$16.93,554844,$16.99,$17.45,$16.53
04/26/2024,$16.86,466719,$16.81,$17.37,$16.54
04/25/2024,$16.87,509819,$16.05,$17.02,$15.74
04/24/2024,$16.22,441585,$15.59,$16.25,$15.24
04/23/2024,$15.50,443830,$14.35,$15.76,$14.122
04/22/2024,$14.23,287330,$15.60,$15.66,$13.88
04/19/2024,$15.60,477111,$15.60,$16.15,$15.43
04/18/2024,$15.74,667313,$16.09,$16.1475,$15.08
04/17/2024,$16.08,2028487,$14.60,$17.04,$14.60
04/16/2024,$14.49,1546281,$12.83,$14.605,$12.83
04/15/2024,$12.89,328161,$13.10,$13.10,$12.12
04/12/2024,$13.03,359332,$13.32,$13.63,$12.51
04/11/2024,$13.38,587676,$12.01,$13.71,$11.80
04/10/2024,$12.05,458900,$12.02,$12.23,$11.73
04/09/2024,$12.34,439595,$12.56,$12.70,$11.795
04/08/2024,$12.14,894261,$12.42,$12.87,$12.10
04/05/2024,$12.23,920861,$11.14,$12.30,$10.99
04/04/2024,$11.24,300231,$11.03,$11.29,$10.74
04/03/2024,$10.80,317561,$10.74,$10.97,$10.49
04/02/2024,$10.72,379268,$10.74,$10.959,$10.55
04/01/2024,$11.02,525459,$11.25,$11.45,$10.65
03/28/2024,$11.15,1184876,$11.45,$11.45,$10.60
03/27/2024,$11.41,197181,$11.61,$11.66,$10.95
03/26/2024,$11.19,261983,$11.85,$11.89,$11.17
03/25/2024,$11.72,268811,$11.75,$12.17,$11.4968
03/22/2024,$11.74,525141,$12.05,$12.38,$11.51
03/21/2024,$12.51,580706,$12.24,$12.69,$12.04
03/20/2024,$12.00,254024,$11.52,$12.18,$11.35
03/19/2024,$11.56,405738,$11.20,$11.87,$11.055
03/18/2024,$10.95,261890,$11.10,$11.26,$10.78
03/15/2024,$11.30,546635,$11.14,$11.68,$10.955
03/14/2024,$11.15,379165,$11.49,$11.55,$10.80
03/13/2024,$11.60,489273,$12.26,$12.37,$11.0375
03/12/2024,$12.37,820973,$13.41,$13.4982,$12.31
03/11/2024,$13.46,813666,$15.58,$15.58,$13.109
03/08/2024,$15.21,1006762,$14.12,$16.08,$13.30
03/07/2024,$16.24,298745,$14.85,$16.39,$14.69
03/06/2024,$14.77,305339,$15.12,$15.245,$14.6835
03/05/2024,$14.77,203914,$14.44,$14.94,$14.44
03/04/2024,$14.70,308193,$15.26,$15.2775,$14.585
03/01/2024,$15.03,441940,$14.73,$15.26,$14.689
02/29/2024,$14.67,542487,$14.87,$15.415,$14.60
02/28/2024,$14.51,648348,$16.17,$16.17,$14.03
02/27/2024,$16.41,312004,$16.81,$16.99,$15.875
02/26/2024,$16.45,868277,$15.76,$17.4154,$15.44
02/23/2024,$15.85,213177,$16.13,$16.29,$15.66
02/22/2024,$16.05,150731,$15.96,$16.29,$15.655
02/21/2024,$15.86,222066,$16.12,$16.26,$15.32
02/20/2024,$16.25,261635,$15.85,$16.34,$15.85
02/16/2024,$15.85,299515,$16.79,$16.79,$15.47
02/15/2024,$16.79,573685,$16.13,$17.42,$16.06
02/14/2024,$15.84,276176,$14.54,$15.9999,$14.50
02/13/2024,$14.16,209211,$14.29,$14.58,$13.90
02/12/2024,$14.99,239640,$14.20,$15.00,$14.15
02/09/2024,$14.06,322909,$13.98,$14.225,$13.36
02/08/2024,$13.82,426121,$15.03,$15.135,$13.78
02/07/2024,$15.05,348204,$15.67,$15.67,$14.39
02/06/2024,$15.64,321699,$15.87,$16.00,$14.7005
02/05/2024,$15.65,508445,$14.51,$15.78,$14.23
02/02/2024,$14.70,340881,$14.75,$14.91,$14.14
02/01/2024,$15.00,296058,$14.47,$15.19,$14.15
01/31/2024,$14.41,282178,$14.29,$14.72,$13.68
01/30/2024,$14.41,339229,$14.75,$14.75,$13.85
01/29/2024,$14.97,219479,$14.79,$15.23,$14.26
01/26/2024,$14.74,136764,$14.47,$14.79,$14.25
01/25/2024,$14.48,211421,$14.48,$15.09,$14.308
01/24/2024,$14.21,177565,$13.93,$14.54,$13.7559
01/23/2024,$13.59,204191,$13.55,$13.92,$13.3212
01/22/2024,$13.36,200536,$13.41,$13.68,$13.03
01/19/2024,$13.31,223871,$12.81,$13.33,$12.47
01/18/2024,$12.76,346795,$14.04,$14.04,$12.69
01/17/2024,$13.95,276919,$13.80,$14.15,$13.28
01/16/2024,$13.97,220369,$14.11,$14.26,$13.65
01/12/2024,$14.34,290469,$14.05,$14.55,$14.05
01/11/2024,$14.05,209218,$14.32,$14.565,$13.7884
01/10/2024,$14.40,340813,$14.43,$14.79,$14.155
01/09/2024,$14.47,232277,$14.15,$14.70,$13.97
01/08/2024,$14.32,363415,$12.51,$14.33,$12.45
01/05/2024,$12.59,313087,$13.06,$13.105,$12.51
01/04/2024,$13.06,426307,$13.59,$13.8958,$13.05
01/03/2024,$14.38,462587,$14.14,$14.65,$13.77
01/02/2024,$14.55,435229,$14.71,$15.35,$14.31
12/29/2023,$14.89,728994,$15.04,$15.25,$14.66
12/28/2023,$15.285,462383,$14.79,$15.93,$14.74
12/27/2023,$14.87,276095,$15.17,$15.25,$14.68
12/26/2023,$15.09,437058,$15.44,$15.5072,$14.93
12/22/2023,$15.38,929234,$13.40,$15.50,$13.40
12/21/2023,$13.03,246158,$13.60,$13.9999,$12.92
12/20/2023,$13.16,275470,$13.92,$13.99,$13.14
12/19/2023,$13.99,362430,$13.67,$14.07,$13.67
12/18/2023,$13.59,526673,$13.36,$13.76,$13.07
12/15/2023,$13.55,2172663,$13.39,$14.18,$13.36
12/14/2023,$13.19,402160,$13.68,$13.76,$12.80
12/13/2023,$13.30,621380,$12.93,$13.44,$12.665
12/12/2023,$12.81,712929,$12.98,$13.30,$12.28
12/11/2023,$12.50,983152,$12.25,$12.65,$11.441
12/08/2023,$12.26,3850931,$10.22,$13.50,$10.15
12/07/2023,$9.25,436967,$8.49,$9.28,$8.2701
12/06/2023,$8.43,235366,$8.25,$8.59,$8.11
12/05/2023,$8.16,213223,$8.11,$8.4094,$7.98
12/04/2023,$8.30,332991,$7.99,$8.62,$7.99
12/01/2023,$8.01,335123,$7.75,$8.03,$7.35
11/30/2023,$7.84,524925,$8.72,$8.78,$7.81
11/29/2023,$8.325,613640,$9.07,$9.30,$8.225
11/28/2023,$8.99,199587,$8.83,$9.18,$8.57
11/27/2023,$8.87,351426,$8.85,$9.16,$8.83
11/24/2023,$8.84,378150,$9.18,$9.685,$8.79
11/22/2023,$9.21,827607,$9.43,$9.48,$8.9738
11/21/2023,$9.15,513525,$9.80,$9.925,$9.08
11/20/2023,$9.80,306900,$9.48,$10.49,$9.48
11/17/2023,$9.50,295627,$9.02,$9.75,$9.02
11/16/2023,$8.93,243090,$8.72,$9.05,$8.515
11/15/2023,$8.77,249567,$8.77,$9.32,$8.56
11/14/2023,$8.83,369773,$7.68,$8.83,$7.60
11/13/2023,$8.43,273938,$7.70,$8.56,$7.53
11/10/2023,$7.80,358262,$8.05,$8.145,$7.60
11/09/2023,$7.84,305665,$8.99,$8.9939,$7.80
11/08/2023,$9.01,281489,$8.89,$9.26,$8.50
11/07/2023,$9.12,302748,$9.11,$9.28,$8.71
11/06/2023,$8.96,469864,$8.39,$9.11,$8.25
11/03/2023,$8.32,327955,$7.93,$8.66,$7.93
11/02/2023,$7.70,322346,$7.37,$7.75,$7.215
11/01/2023,$7.24,201554,$7.22,$7.26,$7.051
10/31/2023,$7.20,247834,$7.02,$7.32,$6.8387
10/30/2023,$6.88,282476,$6.73,$6.98,$6.485
10/27/2023,$6.685,239401,$6.91,$6.93,$6.49
10/26/2023,$6.92,168836,$6.77,$6.96,$6.68
10/25/2023,$6.78,222238,$6.94,$7.27,$6.56
10/24/2023,$7.10,392926,$7.01,$7.27,$6.91
10/23/2023,$6.935,439103,$6.94,$7.32,$6.77
10/20/2023,$7.16,441769,$6.93,$7.6975,$6.83
10/19/2023,$7.05,789625,$7.81,$7.84,$6.97
10/18/2023,$7.70,626651,$8.35,$8.46,$7.63
10/17/2023,$8.50,623494,$9.14,$9.40,$8.33
10/16/2023,$9.27,608257,$9.15,$9.39,$8.57
10/13/2023,$9.13,679658,$9.53,$9.85,$9.01
10/12/2023,$9.45,926092,$9.17,$9.87,$8.74
10/11/2023,$9.09,1615052,$9.43,$10.162,$8.93
10/10/2023,$9.52,2937574,$8.14,$9.89,$7.8708
10/09/2023,$8.19,1897481,$7.69,$8.42,$7.25
10/06/2023,$8.35,7085919,$6.58,$9.60,$6.47
10/05/2023,$6.555,3236872,$6.89,$6.90,$6.11
10/04/2023,$6.38,4059606,$7.12,$7.45,$6.01
10/03/2023,$7.51,42677460,$8.09,$8.3199,$6.91
10/02/2023,$4.81,321366,$4.79,$4.88,$4.76
09/29/2023,$4.80,133553,$4.98,$4.985,$4.71
09/28/2023,$4.95,96150,$4.74,$4.97,$4.64
09/27/2023,$4.76,89553,$4.99,$4.99,$4.66
09/26/2023,$4.94,71550,$4.80,$5.02,$4.71
09/25/2023,$4.81,66576,$4.98,$5.015,$4.7201
09/22/2023,$5.03,135627,$5.02,$5.06,$4.80
09/21/2023,$5.02,131370,$4.76,$5.05,$4.70
09/20/2023,$4.82,106645,$4.95,$5.01,$4.79
09/19/2023,$4.96,74027,$5.16,$5.25,$4.725
09/18/2023,$5.16,113755,$5.24,$5.25,$4.77
09/15/2023,$5.18,267840,$5.01,$5.35,$5.01
09/14/2023,$5.01,85598,$5.18,$5.31,$4.99
09/13/2023,$5.15,201974,$5.08,$5.20,$4.96
09/12/2023,$5.05,120554,$4.89,$5.10,$4.89
09/11/2023,$4.96,96403,$4.96,$5.01,$4.611
09/08/2023,$4.92,144815,$4.99,$4.99,$4.73
09/07/2023,$4.97,391770,$4.81,$5.09,$4.67
09/06/2023,$4.84,377433,$4.54,$4.99,$4.41
09/05/2023,$4.55,331998,$4.54,$4.83,$4.40
09/01/2023,$4.52,327361,$4.37,$4.60,$4.24
08/31/2023,$4.26,320976,$4.34,$4.44,$3.9357
08/30/2023,$4.35,76630,$4.26,$4.39,$4.1682
08/29/2023,$4.28,86200,$4.16,$4.31,$4.10
08/28/2023,$4.19,138080,$4.18,$4.27,$3.99
08/25/2023,$4.22,118421,$4.49,$4.63,$4.20
08/24/2023,$4.49,244064,$4.96,$5.03,$4.40
08/23/2023,$4.96,143497,$4.96,$5.21,$4.72
08/22/2023,$4.94,134232,$4.80,$5.00,$4.66
08/21/2023,$4.77,87003,$4.70,$4.81,$4.595
08/18/2023,$4.71,124652,$4.51,$4.79,$4.4312
08/17/2023,$4.56,245633,$4.55,$4.91,$4.32
08/16/2023,$4.55,374880,$4.86,$4.98,$4.42
08/15/2023,$4.86,140097,$4.80,$4.90,$4.62
08/14/2023,$4.90,192278,$5.02,$5.10,$4.57
08/11/2023,$5.06,119776,$4.94,$5.22,$4.75
08/10/2023,$5.04,54149,$5.04,$5.25,$5.00
08/09/2023,$4.99,93411,$5.03,$5.05,$4.885
08/08/2023,$5.03,61107,$5.14,$5.315,$5.02
08/07/2023,$5.17,179089,$5.54,$5.54,$4.98
08/04/2023,$5.56,70376,$5.73,$5.85,$5.51
08/03/2023,$5.65,127149,$5.76,$5.76,$5.38
08/02/2023,$5.77,81618,$5.88,$6.09,$5.69
08/01/2023,$5.96,104715,$6.06,$6.20,$5.79
07/31/2023,$6.11,93946,$5.94,$6.1578,$5.94
07/28/2023,$5.94,102113,$5.70,$6.10,$5.61
07/27/2023,$5.70,222137,$5.97,$5.975,$5.55
07/26/2023,$5.86,128170,$5.92,$5.995,$5.75
07/25/2023,$5.86,120306,$6.19,$6.36,$5.85
07/24/2023,$6.16,309860,$6.45,$6.485,$5.9983
07/21/2023,$6.73,65950,$6.89,$6.96,$6.70
07/20/2023,$6.81,82652,$7.08,$7.29,$6.74
07/19/2023,$7.115,103706,$6.99,$7.44,$6.99
07/18/2023,$6.93,77421,$6.89,$7.25,$6.86
07/17/2023,$6.875,104008,$6.82,$7.17,$6.78
07/14/2023,$6.77,164989,$7.12,$7.17,$6.52
07/13/2023,$7.11,98105,$6.76,$7.13,$6.68
07/12/2023,$6.70,74488,$6.86,$6.94,$6.65
07/11/2023,$6.67,149471,$6.68,$6.83,$6.51
07/10/2023,$6.66,155673,$6.17,$6.73,$6.17
07/07/2023,$6.18,320573,$6.26,$6.46,$5.95
07/06/2023,$6.33,702436,$6.54,$6.6681,$5.615
07/05/2023,$7.29,112098,$7.30,$7.64,$7.27
07/03/2023,$7.35,51683,$7.50,$7.50,$7.30
06/30/2023,$7.51,144573,$7.34,$7.79,$7.1714
06/29/2023,$7.33,212977,$7.26,$7.54,$7.13
06/28/2023,$7.28,69553,$7.21,$7.31,$7.06
06/27/2023,$7.22,120767,$7.35,$7.35,$6.88
06/26/2023,$7.37,166591,$7.82,$7.82,$7.37
06/23/2023,$7.75,407193,$7.15,$7.82,$7.08
06/22/2023,$7.21,320012,$7.27,$7.31,$6.90
06/21/2023,$7.31,327447,$8.09,$8.252,$7.29
06/20/2023,$8.14,796093,$9.37,$9.50,$8.00
06/16/2023,$9.43,308190,$9.68,$10.16,$9.39
06/15/2023,$9.56,217323,$9.16,$9.94,$9.04
06/14/2023,$9.22,208558,$9.24,$9.55,$9.1001
06/13/2023,$9.35,250863,$8.94,$9.61,$8.76
06/12/2023,$8.75,314218,$7.73,$9.00,$7.72
06/09/2023,$8.00,175107,$8.00,$8.16,$7.86
06/08/2023,$7.94,136405,$8.22,$8.22,$7.86
06/07/2023,$8.22,134685,$8.38,$8.40,$8.02
06/06/2023,$8.35,300062,$8.43,$8.94,$8.17
06/05/2023,$8.43,267756,$8.25,$8.616,$8.0215
06/02/2023,$8.32,305303,$7.61,$8.48,$7.455
06/01/2023,$7.38,440434,$6.71,$7.64,$6.71
05/31/2023,$6.67,653358,$6.70,$6.79,$6.615
05/30/2023,$6.68,171290,$6.81,$7.12,$6.60
05/26/2023,$6.81,209637,$6.50,$6.89,$6.485
05/25/2023,$6.51,251391,$6.50,$6.71,$6.47
05/24/2023,$6.66,210895,$6.76,$7.02,$6.35
05/23/2023,$6.81,223228,$6.50,$7.28,$6.50
05/22/2023,$6.50,170431,$6.41,$6.78,$6.3001
05/19/2023,$6.39,165589,$6.09,$6.5169,$6.04
05/18/2023,$6.01,155703,$6.25,$6.34,$5.76
05/17/2023,$6.31,103953,$6.06,$6.375,$5.95
05/16/2023,$6.035,220835,$6.38,$6.38,$5.97
05/15/2023,$6.46,187790,$6.60,$6.815,$6.46
05/12/2023,$6.53,415811,$6.49,$6.9799,$6.41
05/11/2023,$6.27,197503,$6.48,$6.6899,$6.17
05/10/2023,$6.49,247862,$6.60,$6.72,$6.27
05/09/2023,$6.52,197423,$5.95,$6.56,$5.9101
05/08/2023,$6.13,273058,$6.40,$6.40,$5.98
05/05/2023,$6.37,208845,$6.41,$6.68,$6.295
05/04/2023,$6.35,257676,$6.10,$6.45,$5.97
05/03/2023,$6.12,285775,$5.81,$6.15,$5.7477
05/02/2023,$5.785,332205,$6.59,$6.712,$5.76
05/01/2023,$6.49,422396,$6.06,$6.59,$5.915
04/28/2023,$5.94,212487,$5.58,$6.03,$5.3585
04/27/2023,$5.58,167992,$5.68,$5.81,$5.48
04/26/2023,$5.66,290913,$5.54,$5.8774,$5.12
04/25/2023,$5.49,479728,$5.45,$6.15,$5.435
04/24/2023,$5.47,566434,$6.03,$6.18,$5.22
04/21/2023,$6.00,1285779,$4.98,$6.34,$4.98
04/20/2023,$5.00,1259910,$4.96,$5.04,$4.73
04/19/2023,$4.96,1201769,$4.57,$5.0227,$4.57
04/18/2023,$4.66,109840,$4.88,$5.155,$4.52
04/17/2023,$4.85,249239,$4.80,$4.92,$4.48
04/14/2023,$4.80,85614,$4.97,$5.02,$4.76
04/13/2023,$4.95,289449,$4.65,$5.03,$4.60
04/12/2023,$4.64,156257,$4.68,$4.96,$4.60
04/11/2023,$4.63,120480,$4.44,$4.69,$4.32
04/10/2023,$4.44,100013,$4.42,$4.54,$4.27
04/06/2023,$4.45,86637,$4.38,$4.54,$4.30
04/05/2023,$4.38,137478,$4.38,$4.63,$4.30
04/04/2023,$4.37,195204,$4.61,$4.61,$4.23
04/03/2023,$4.61,206020,$4.59,$4.73,$4.43
03/31/2023,$4.52,168399,$4.58,$4.70,$4.4925
03/30/2023,$4.56,185296,$5.03,$5.22,$4.44
03/29/2023,$5.00,231444,$4.90,$5.06,$4.83
03/28/2023,$4.87,213674,$4.96,$5.08,$4.80
03/27/2023,$4.99,209657,$4.67,$5.04,$4.61
03/24/2023,$4.66,229361,$4.83,$4.93,$4.57
03/23/2023,$4.87,335343,$4.84,$4.91,$4.67
03/22/2023,$4.80,247564,$4.85,$5.00,$4.675
03/21/2023,$4.81,1073953,$4.73,$5.0691,$4.70
03/20/2023,$4.61,303512,$4.79,$4.855,$4.52
03/17/2023,$4.77,401229,$4.95,$5.03,$4.66
03/16/2023,$5.00,375212,$5.14,$5.17,$4.955
03/15/2023,$5.19,344600,$5.21,$5.41,$4.69
03/14/2023,$5.25,259509,$5.74,$5.86,$5.09
03/13/2023,$5.63,746463,$5.30,$5.99,$5.20
03/10/2023,$5.39,387036,$5.79,$5.81,$5.095
03/09/2023,$5.87,160309,$6.30,$6.33,$5.68
03/08/2023,$6.24,133779,$6.40,$6.44,$6.14
03/07/2023,$6.39,106114,$6.45,$6.59,$6.37
03/06/2023,$6.49,127012,$6.50,$6.59,$6.28
03/03/2023,$6.52,158817,$6.51,$6.7062,$6.46
03/02/2023,$6.47,325645,$6.45,$6.50,$6.285
03/01/2023,$6.53,132324,$6.74,$6.81,$6.47
02/28/2023,$6.62,151729,$6.77,$6.90,$6.51
02/27/2023,$6.68,122997,$6.68,$6.83,$6.56
02/24/2023,$6.56,189402,$6.87,$6.9499,$6.455
02/23/2023,$6.97,163276,$7.15,$7.27,$6.84
02/22/2023,$7.15,98193,$7.09,$7.22,$6.93
02/21/2023,$7.11,216660,$7.59,$7.62,$7.085
02/17/2023,$7.64,120889,$7.60,$7.70,$7.37
02/16/2023,$7.47,133346,$7.76,$8.00,$7.27
02/15/2023,$7.76,129323,$7.92,$7.99,$7.61
02/14/2023,$8.05,82518,$8.12,$8.26,$7.81
02/13/2023,$8.12,110938,$8.24,$8.28,$7.80
02/10/2023,$8.17,182693,$8.08,$8.24,$7.74
02/09/2023,$8.13,134522,$8.37,$8.52,$7.88
02/08/2023,$8.32,303748,$8.94,$8.96,$8.26
02/07/2023,$8.96,69164,$9.27,$9.3088,$8.81
02/06/2023,$9.31,144891,$8.71,$9.74,$8.71
02/03/2023,$8.72,189168,$9.09,$9.16,$8.63
02/02/2023,$9.23,87371,$9.16,$9.35,$8.92
02/01/2023,$9.16,156595,$9.35,$9.64,$8.68
01/31/2023,$9.30,113186,$9.28,$9.69,$9.14
01/30/2023,$9.28,101033,$9.16,$9.36,$8.85
01/27/2023,$9.18,126817,$9.34,$9.60,$9.10
01/26/2023,$9.40,122074,$9.75,$9.89,$9.23
01/25/2023,$9.55,147251,$9.17,$9.78,$9.08
01/24/2023,$9.34,100441,$9.08,$9.4174,$8.93
01/23/2023,$9.11,77916,$9.03,$9.16,$8.88
01/20/2023,$9.03,114976,$9.48,$9.48,$8.86
01/19/2023,$9.27,174134,$9.44,$9.645,$9.24
01/18/2023,$9.47,255515,$9.68,$9.8386,$9.12
01/17/2023,$9.60,176230,$9.99,$9.99,$9.19
01/13/2023,$10.01,211820,$9.13,$10.845,$9.13
01/12/2023,$9.18,375113,$8.84,$9.27,$8.23
01/11/2023,$8.91,412999,$9.37,$9.6399,$8.64
01/10/2023,$9.47,429577,$10.45,$10.915,$8.71
01/09/2023,$10.48,1059166,$11.02,$11.35,$10.02
01/06/2023,$10.95,260270,$11.77,$11.77,$10.88
01/05/2023,$11.70,89329,$11.83,$11.95,$11.15
01/04/2023,$11.71,99568,$11.35,$11.89,$10.75
01/03/2023,$11.20,341113,$11.22,$11.715,$10.75
12/30/2022,$11.27,302888,$11.41,$11.665,$10.93
12/29/2022,$11.46,148078,$11.07,$11.655,$10.95
12/28/2022,$11.15,195246,$10.70,$11.46,$10.70
12/27/2022,$10.74,369157,$11.10,$11.34,$10.345
12/23/2022,$11.14,155641,$10.19,$11.26,$10.175
12/22/2022,$10.30,164650,$10.49,$10.60,$9.19
12/21/2022,$10.59,120473,$10.24,$10.99,$10.00
12/20/2022,$10.06,151341,$9.39,$10.22,$9.225
12/19/2022,$9.51,83002,$10.40,$10.40,$9.37
12/16/2022,$10.43,142182,$10.40,$10.56,$9.934
12/15/2022,$10.56,59624,$11.04,$11.47,$10.45
12/14/2022,$11.22,83226,$11.48,$12.33,$11.07
12/13/2022,$11.46,58663,$11.58,$11.61,$10.93
12/12/2022,$11.30,136083,$10.85,$11.95,$10.585
12/09/2022,$10.75,123208,$10.99,$10.99,$10.57
12/08/2022,$10.86,71940,$10.62,$11.21,$10.17
12/07/2022,$10.61,95427,$10.48,$10.7511,$10.15
12/06/2022,$10.57,139658,$11.86,$11.86,$10.52
12/05/2022,$11.84,74492,$11.33,$11.92,$11.20
12/02/2022,$11.35,80792,$10.79,$11.39,$10.21
12/01/2022,$11.08,46608,$11.14,$11.67,$10.82
11/30/2022,$11.10,82478,$10.90,$11.20,$10.475
11/29/2022,$10.80,119673,$10.00,$10.99,$10.00
11/28/2022,$10.07,164559,$10.61,$10.965,$9.70
11/25/2022,$10.68,30146,$10.61,$10.795,$10.45
11/23/2022,$10.62,40785,$10.61,$10.875,$10.465
11/22/2022,$10.71,59623,$10.49,$10.81,$10.20
11/21/2022,$10.48,96871,$10.51,$10.775,$10.34
11/18/2022,$10.52,88399,$10.85,$11.2856,$10.42
11/17/2022,$10.58,183131,$10.83,$10.9599,$10.11
11/16/2022,$11.00,365255,$11.59,$12.095,$10.75
11/15/2022,$11.60,129091,$12.57,$12.77,$11.47
11/14/2022,$12.38,351630,$12.70,$12.965,$11.71
11/11/2022,$12.79,213165,$12.61,$13.51,$12.595
11/10/2022,$12.61,159016,$13.01,$13.64,$12.18
11/09/2022,$12.42,225932,$12.63,$12.66,$12.05
11/08/2022,$12.50,253300,$12.83,$13.03,$12.15
11/07/2022,$12.65,147050,$12.18,$12.74,$11.91
11/04/2022,$12.21,103948,$12.79,$12.79,$11.70
11/03/2022,$12.64,85912,$12.76,$13.23,$12.4913
11/02/2022,$12.81,108692,$12.89,$13.40,$12.18
11/01/2022,$12.89,185569,$12.33,$13.05,$12.27
10/31/2022,$12.14,111437,$12.58,$12.58,$12.11
10/28/2022,$12.51,98717,$12.01,$12.53,$11.61
10/27/2022,$11.89,395808,$12.56,$12.695,$11.89
10/26/2022,$12.49,203267,$12.11,$13.27,$12.11
10/25/2022,$12.04,145719,$11.63,$12.28,$11.59
10/24/2022,$11.60,93890,$11.87,$11.90,$11.35
10/21/2022,$11.71,222138,$11.45,$11.85,$11.43
10/20/2022,$11.38,109649,$11.47,$11.675,$11.28
10/19/2022,$11.39,180102,$11.66,$12.01,$11.05
10/18/2022,$11.80,69895,$11.87,$12.04,$11.39
10/17/2022,$11.49,95663,$11.12,$11.62,$11.00
10/14/2022,$10.99,81910,$11.52,$11.70,$10.92
10/13/2022,$11.40,110414,$10.52,$11.51,$10.355
10/12/2022,$10.85,400467,$10.51,$10.91,$9.81
10/11/2022,$10.44,174548,$9.79,$10.605,$9.75
10/10/2022,$9.88,95095,$10.08,$10.15,$9.7644
10/07/2022,$10.01,237140,$10.34,$10.685,$9.96
10/06/2022,$10.53,82411,$10.45,$10.70,$10.17
10/05/2022,$10.50,93679,$10.28,$10.55,$9.89
10/04/2022,$10.52,190110,$9.94,$10.76,$9.94
10/03/2022,$9.72,161911,$9.75,$9.845,$9.33
09/30/2022,$9.57,163564,$9.59,$10.26,$9.35
09/29/2022,$9.50,115810,$9.71,$9.93,$9.20
09/28/2022,$9.94,118644,$9.71,$10.205,$9.71
09/27/2022,$9.48,200386,$9.82,$9.91,$9.10
09/26/2022,$9.63,154458,$9.75,$10.28,$9.59
09/23/2022,$9.79,152326,$10.33,$10.56,$9.71
09/22/2022,$10.58,110463,$10.41,$10.68,$9.89
09/21/2022,$10.54,75100,$10.99,$11.18,$10.47
09/20/2022,$10.99,78284,$10.87,$11.22,$10.33
09/19/2022,$11.02,192713,$12.03,$12.03,$10.97
09/16/2022,$12.18,223054,$12.24,$12.99,$11.88
09/15/2022,$12.64,124663,$12.28,$12.94,$11.955
09/14/2022,$12.44,143281,$12.36,$12.885,$12.27
09/13/2022,$12.45,161128,$12.46,$12.565,$12.185
09/12/2022,$13.01,94648,$13.02,$13.26,$12.47
09/09/2022,$13.08,121917,$13.70,$13.97,$13.06
09/08/2022,$13.60,195385,$11.89,$13.63,$11.89
09/07/2022,$12.11,116388,$11.73,$12.37,$11.73
09/06/2022,$11.88,183933,$13.30,$13.30,$11.845
09/02/2022,$13.34,224622,$13.46,$13.89,$13.08
09/01/2022,$13.19,276659,$12.94,$13.3492,$12.70
08/31/2022,$13.00,157371,$13.00,$13.1281,$12.66
08/30/2022,$12.90,148691,$13.52,$13.71,$12.73
08/29/2022,$13.30,298729,$13.22,$13.57,$12.80
08/26/2022,$13.25,220898,$13.90,$13.94,$13.22
08/25/2022,$13.93,222683,$14.09,$14.35,$13.62
08/24/2022,$13.95,135003,$13.58,$14.145,$13.18
08/23/2022,$13.66,121216,$13.44,$13.99,$13.33
08/22/2022,$13.41,132341,$13.50,$13.8825,$13.17
08/19/2022,$13.86,161069,$14.13,$14.32,$13.66
08/18/2022,$14.44,468803,$14.22,$14.605,$13.3558
08/17/2022,$14.38,271831,$14.33,$14.85,$13.71
08/16/2022,$14.62,321101,$15.02,$15.39,$14.50
08/15/2022,$15.14,168695,$14.31,$15.29,$14.31
08/12/2022,$14.52,141601,$13.18,$14.57,$13.047
08/11/2022,$12.98,140129,$13.17,$13.98,$12.72
08/10/2022,$12.79,200533,$12.07,$12.84,$11.62
08/09/2022,$11.77,321277,$11.39,$11.89,$11.09
08/08/2022,$11.76,257595,$11.59,$11.94,$11.33
08/05/2022,$11.47,674180,$10.59,$11.685,$10.05
08/04/2022,$10.86,252484,$10.26,$11.02,$10.26
08/03/2022,$10.19,144669,$10.03,$10.54,$9.98
08/02/2022,$9.83,134701,$9.27,$9.9252,$9.16
08/01/2022,$9.42,250355,$9.88,$10.02,$9.31
07/29/2022,$9.68,239976,$10.92,$10.94,$9.65
07/28/2022,$11.04,312809,$11.93,$11.96,$10.74
07/27/2022,$11.97,130368,$12.00,$12.16,$11.755
07/26/2022,$11.81,175252,$11.42,$11.95,$11.12
07/25/2022,$11.55,210342,$11.59,$11.59,$11.08
07/22/2022,$11.65,324742,$12.09,$12.09,$11.32
07/21/2022,$11.98,220984,$11.51,$12.16,$11.405
07/20/2022,$11.51,197042,$10.77,$11.55,$10.62
07/19/2022,$10.62,156720,$10.59,$10.88,$10.27
07/18/2022,$10.37,190050,$10.50,$10.74,$10.33
07/15/2022,$10.36,151423,$10.71,$10.71,$10.04
07/14/2022,$10.47,161742,$10.67,$11.28,$10.24
07/13/2022,$10.86,224678,$9.93,$10.93,$9.72
07/12/2022,$10.14,790494,$9.31,$10.24,$8.78
07/11/2022,$9.26,208174,$9.74,$9.98,$9.14
07/08/2022,$9.75,173385,$9.46,$9.84,$9.36
07/07/2022,$9.76,220986,$9.45,$9.95,$9.31
07/06/2022,$9.41,256329,$9.13,$9.48,$9.0206
07/05/2022,$9.15,320450,$8.07,$9.17,$7.9903
07/01/2022,$8.23,197141,$8.07,$8.31,$8.05
06/30/2022,$8.09,229663,$8.06,$8.19,$7.81
06/29/2022,$8.10,338699,$8.12,$8.225,$7.72
06/28/2022,$8.06,288043,$8.17,$8.2855,$7.84
06/27/2022,$8.18,331447,$7.89,$8.31,$7.55
06/24/2022,$8.00,1944121,$7.55,$8.11,$7.26
06/23/2022,$7.45,202923,$6.85,$7.45,$6.85
06/22/2022,$6.79,426734,$6.56,$7.16,$6.56
06/21/2022,$6.74,733158,$6.59,$6.98,$6.59
06/17/2022,$6.47,3420797,$6.00,$6.61,$6.00
06/16/2022,$5.89,777356,$6.43,$6.67,$5.83
06/15/2022,$6.67,985451,$6.57,$6.88,$6.39
06/14/2022,$6.63,457152,$6.54,$6.65,$6.25
06/13/2022,$6.46,881501,$6.46,$6.58,$5.82
06/10/2022,$6.785,580579,$7.60,$7.64,$6.78
06/09/2022,$7.78,606903,$7.87,$8.01,$7.60
06/08/2022,$7.98,510360,$7.68,$8.26,$7.66
06/07/2022,$7.75,533614,$7.06,$7.84,$7.01
06/06/2022,$7.15,505275,$7.72,$7.84,$7.03
06/03/2022,$7.60,470699,$7.48,$7.71,$7.26
06/02/2022,$7.48,287461,$7.35,$7.63,$7.24
06/01/2022,$7.42,436904,$7.79,$7.93,$7.3825
05/31/2022,$7.67,760627,$8.00,$8.24,$7.22
05/27/2022,$8.05,418625,$7.92,$8.18,$7.6004
05/26/2022,$7.94,346292,$7.86,$8.14,$7.70
05/25/2022,$7.90,311458,$7.73,$8.08,$7.59
05/24/2022,$7.75,369058,$8.24,$8.43,$7.65
05/23/2022,$8.46,234110,$8.85,$8.99,$8.36
05/20/2022,$8.75,396893,$9.02,$9.14,$8.155
05/19/2022,$8.76,354884,$8.66,$9.10,$8.42
05/18/2022,$8.64,344903,$9.32,$9.61,$8.42
05/17/2022,$9.75,488298,$9.95,$10.15,$9.55
05/16/2022,$9.58,273615,$9.68,$10.1899,$9.47
05/13/2022,$9.66,650552,$9.36,$9.89,$9.01
05/12/2022,$9.00,600072,$8.41,$9.61,$8.3101
05/11/2022,$8.58,882390,$9.71,$10.04,$8.47
05/10/2022,$9.80,644877,$11.75,$11.75,$9.25
05/09/2022,$9.30,426810,$10.08,$10.54,$9.155
05/06/2022,$10.51,341445,$10.92,$11.20,$10.06
05/05/2022,$11.05,452272,$11.99,$12.15,$10.60
05/04/2022,$12.17,464869,$12.65,$12.665,$11.29
05/03/2022,$12.63,243055,$13.04,$13.135,$12.31
05/02/2022,$13.00,451327,$12.68,$13.56,$12.535
04/29/2022,$12.78,228443,$13.62,$14.07,$12.70
04/28/2022,$13.83,300846,$13.88,$14.00,$12.615
04/27/2022,$13.66,317514,$13.96,$14.47,$13.575
04/26/2022,$13.96,403611,$14.95,$15.21,$13.81
04/25/2022,$15.11,238218,$14.23,$15.19,$14.23
04/22/2022,$14.40,271647,$14.52,$15.04,$14.06
04/21/2022,$14.64,278791,$16.16,$16.31,$14.53
04/20/2022,$15.85,192672,$15.38,$15.97,$14.82
04/19/2022,$15.56,230314,$14.86,$16.015,$14.75
04/18/2022,$14.90,280365,$15.92,$16.265,$14.77
04/14/2022,$16.01,180605,$17.88,$17.88,$15.9901
04/13/2022,$17.96,382661,$17.24,$18.09,$16.55
04/12/2022,$17.21,244168,$17.23,$18.48,$17.02
04/11/2022,$16.79,274723,$16.73,$17.22,$16.25
04/08/2022,$16.93,209563,$17.57,$17.83,$16.66
04/07/2022,$17.67,174540,$18.98,$19.23,$17.35
04/06/2022,$19.06,186698,$18.48,$19.25,$18.31
04/05/2022,$18.77,411237,$19.45,$19.8461,$18.43
04/04/2022,$19.46,343080,$18.48,$19.50,$17.83
04/01/2022,$18.18,880443,$17.14,$18.24,$16.90
03/31/2022,$16.90,291798,$17.35,$17.69,$16.80
03/30/2022,$17.31,277664,$18.46,$18.96,$17.21
03/29/2022,$18.62,283916,$18.00,$18.895,$18.00
03/28/2022,$17.75,214051,$17.89,$18.65,$17.23
03/25/2022,$17.95,399298,$18.83,$18.83,$17.81
03/24/2022,$18.87,139993,$18.69,$18.94,$18.18
03/23/2022,$18.54,217354,$18.57,$19.665,$18.42
03/22/2022,$18.88,268866,$18.10,$18.97,$17.89
03/21/2022,$17.93,289153,$19.93,$20.03,$17.845
03/18/2022,$20.00,1107509,$19.04,$20.40,$18.68
03/17/2022,$19.00,354805,$18.38,$19.03,$17.29
03/16/2022,$18.32,377876,$17.01,$18.34,$16.84
03/15/2022,$16.60,520404,$16.10,$16.99,$15.73
03/14/2022,$15.79,548936,$17.97,$18.055,$15.43
03/11/2022,$18.13,261071,$18.59,$19.15,$18.09
03/10/2022,$18.69,255651,$18.31,$18.90,$18.17
03/09/2022,$18.63,281130,$17.88,$18.86,$17.8148
03/08/2022,$17.57,259333,$16.93,$18.54,$16.86
03/07/2022,$17.15,207650,$16.65,$17.67,$16.55
03/04/2022,$16.63,338108,$17.32,$17.68,$16.605
03/03/2022,$17.42,347953,$18.97,$19.373,$17.19
03/02/2022,$18.86,292940,$18.14,$18.89,$17.57
03/01/2022,$18.14,421806,$17.52,$18.875,$17.52
02/28/2022,$18.12,448295,$16.72,$18.35,$16.45
02/25/2022,$16.85,470809,$16.51,$17.09,$15.92
02/24/2022,$16.39,645260,$14.93,$16.47,$14.50
02/23/2022,$15.75,767502,$15.75,$16.01,$15.35
02/22/2022,$15.59,565053,$14.69,$15.9218,$14.49
02/18/2022,$15.00,369324,$14.82,$15.16,$14.58
02/17/2022,$14.90,556110,$14.90,$15.53,$14.72
02/16/2022,$15.19,188544,$15.51,$15.51,$14.86
02/15/2022,$15.69,630957,$15.35,$16.00,$15.285
02/14/2022,$14.97,732734,$14.75,$15.42,$14.58
02/11/2022,$15.00,452043,$15.55,$15.81,$14.725
02/10/2022,$15.24,714750,$14.77,$16.37,$14.40
02/09/2022,$15.34,581723,$14.12,$15.74,$14.12
02/08/2022,$13.85,704753,$14.02,$14.20,$13.55
02/07/2022,$14.10,581505,$13.84,$14.50,$13.66
02/04/2022,$13.68,424800,$13.76,$13.88,$13.22
02/03/2022,$13.65,800709,$14.03,$14.67,$13.47
02/02/2022,$14.38,793590,$16.45,$16.45,$14.31
02/01/2022,$16.31,826026,$16.12,$16.57,$15.46
01/31/2022,$16.00,536700,$15.20,$16.04,$15.20
01/28/2022,$15.20,621625,$14.10,$15.23,$13.73
01/27/2022,$14.36,905960,$15.13,$15.13,$13.91
01/26/2022,$14.67,1502872,$14.78,$16.09,$14.49
01/25/2022,$15.71,385890,$15.64,$16.25,$15.16
01/24/2022,$16.03,860092,$15.87,$16.54,$14.565
01/21/2022,$15.44,602276,$15.81,$16.39,$15.24
01/20/2022,$16.07,614771,$16.93,$17.92,$15.93
01/19/2022,$16.72,371077,$16.90,$17.79,$16.66
01/18/2022,$16.78,602532,$18.05,$18.43,$16.61
01/14/2022,$18.50,873490,$18.20,$18.82,$17.05
01/13/2022,$18.43,430868,$18.97,$20.28,$18.36
01/12/2022,$18.97,1211259,$20.92,$21.28,$18.83
01/11/2022,$20.52,581648,$19.54,$22.08,$19.54
01/10/2022,$19.74,656475,$19.41,$19.92,$18.47
01/07/2022,$19.19,386224,$19.42,$20.12,$18.87
01/06/2022,$19.57,219724,$20.26,$20.495,$19.165
01/05/2022,$19.99,343785,$20.83,$21.57,$19.73
01/04/2022,$20.82,249115,$22.05,$22.05,$20.38
01/03/2022,$22.06,211671,$21.96,$22.40,$20.88
12/31/2021,$21.49,299890,$22.09,$22.50,$21.31
12/30/2021,$21.93,267048,$21.92,$23.20,$21.70
12/29/2021,$21.93,183798,$22.44,$22.57,$21.59
12/28/2021,$22.26,170941,$22.28,$23.3805,$22.16
12/27/2021,$22.36,222335,$23.26,$23.26,$21.88
12/23/2021,$23.26,383428,$22.22,$23.78,$21.45
12/22/2021,$22.28,419424,$21.625,$22.55,$20.31
12/21/2021,$22.91,502764,$22.76,$23.52,$22.29
12/20/2021,$22.52,536520,$23.05,$23.445,$21.62
12/17/2021,$23.89,1816233,$22.84,$24.64,$22.36
12/16/2021,$22.87,316509,$24.64,$24.83,$22.62
12/15/2021,$24.76,467536,$22.8566,$25.19,$22.8566
12/14/2021,$24.00,540320,$22.925,$24.87,$22.41
12/13/2021,$23.56,2307590,$30.29,$30.6699,$21.81
12/10/2021,$31.08,335556,$30.96,$32.19,$30.12
12/09/2021,$30.50,913795,$32.92,$33.38,$30.47
12/08/2021,$33.10,1377335,$32.22,$34.415,$32.0101
12/07/2021,$32.86,506840,$32.07,$33.85,$30.27
12/06/2021,$31.56,283734,$29.15,$31.67,$28.0401
12/03/2021,$29.35,442914,$31.06,$31.22,$29.05
12/02/2021,$31.01,1185112,$30.67,$31.78,$29.63
12/01/2021,$30.64,343398,$33.08,$34.12,$30.64
11/30/2021,$32.16,343198,$32.69,$33.43,$31.59
11/29/2021,$33.03,238422,$34.56,$35.14,$33.02
11/26/2021,$33.59,467806,$35.65,$36.245,$32.65
11/24/2021,$36.32,138398,$35.40,$36.62,$34.98
11/23/2021,$35.95,473423,$36.90,$37.36,$35.31
11/22/2021,$36.71,619090,$38.45,$39.62,$36.45
11/19/2021,$38.27,476412,$41.14,$41.14,$37.19
11/18/2021,$41.07,230037,$43.24,$43.27,$40.39
11/17/2021,$42.78,215991,$44.66,$45.625,$42.61
11/16/2021,$44.85,272650,$45.86,$46.71,$43.53
11/15/2021,$46.39,167063,$45.31,$47.03,$44.263
11/12/2021,$45.93,264280,$43.54,$46.44,$43.01
11/11/2021,$43.75,366373,$42.37,$45.58,$42.37
11/10/2021,$42.21,925806,$41.12,$42.69,$40.9571
11/09/2021,$40.93,1441326,$41.50,$42.00,$36.72
11/08/2021,$52.12,198174,$51.85,$55.17,$51.01
11/05/2021,$50.96,302044,$53.45,$54.00,$48.58
11/04/2021,$52.35,1056267,$62.38,$62.38,$46.46
11/03/2021,$61.93,190896,$58.51,$62.315,$58.27
11/02/2021,$58.85,111736,$58.98,$59.17,$57.09
11/01/2021,$58.39,113362,$56.01,$59.31,$56.01
10/29/2021,$56.04,135685,$57.38,$58.255,$55.45
10/28/2021,$57.79,73858,$55.27,$57.89,$55.27
10/27/2021,$55.28,99274,$55.11,$55.85,$53.96
10/26/2021,$54.90,159206,$55.53,$56.60,$53.65
10/25/2021,$54.96,164660,$54.04,$55.40,$53.175
10/22/2021,$54.05,97866,$53.83,$54.42,$52.61
10/21/2021,$53.83,148647,$54.77,$56.0425,$53.55
10/20/2021,$54.88,76089,$53.71,$55.30,$53.34
10/19/2021,$54.14,117570,$54.94,$55.87,$53.775
10/18/2021,$54.56,370857,$58.85,$59.93,$53.49
10/15/2021,$58.99,87082,$60.71,$60.71,$58.58
10/14/2021,$59.50,117213,$60.16,$61.86,$59.04
10/13/2021,$58.99,78835,$59.49,$60.14,$58.78
10/12/2021,$59.55,107429,$61.41,$62.4033,$58.96
10/11/2021,$61.21,162185,$61.69,$62.0434,$60.08
10/08/2021,$61.19,165574,$64.09,$64.31,$60.79
10/07/2021,$63.99,291539,$69.28,$71.48,$62.35
10/06/2021,$68.57,182947,$72.61,$73.97,$67.04
10/05/2021,$73.90,128044,$72.04,$76.15,$71.59
10/04/2021,$71.09,145690,$73.45,$74.53,$70.40
10/01/2021,$74.40,202037,$73.63,$74.89,$70.81
09/30/2021,$73.86,163682,$75.03,$76.855,$73.405
09/29/2021,$73.36,104939,$75.13,$75.41,$72.46
09/28/2021,$74.75,95898,$76.05,$76.70,$74.49
09/27/2021,$76.87,75427,$74.96,$78.24,$73.46
09/24/2021,$74.98,75632,$77.85,$79.0043,$74.96
09/23/2021,$78.78,66345,$77.24,$78.93,$76.721
09/22/2021,$77.37,94240,$76.40,$78.00,$74.66
09/21/2021,$76.00,110640,$74.72,$76.29,$72.45
09/20/2021,$74.28,359541,$75.27,$76.66,$73.12
09/17/2021,$77.81,880212,$81.19,$81.19,$76.81
09/16/2021,$80.91,100560,$78.88,$80.99,$76.86
09/15/2021,$78.19,150832,$78.33,$79.31,$76.28
09/14/2021,$78.06,126904,$78.27,$79.335,$77.19
09/13/2021,$78.12,130937,$78.31,$79.17,$77.005
09/10/2021,$77.70,153893,$76.99,$78.9994,$75.84
09/09/2021,$76.17,340210,$74.00,$79.69,$72.76
09/08/2021,$73.91,172302,$74.85,$75.08,$72.55
09/07/2021,$74.82,268414,$71.57,$74.93,$71.5101
09/03/2021,$71.97,171917,$73.04,$74.4599,$70.50
09/02/2021,$72.64,89427,$71.39,$72.839,$70.50
09/01/2021,$71.00,186243,$70.84,$72.62,$70.21
08/31/2021,$70.00,198070,$72.68,$73.80,$69.63
08/30/2021,$72.18,137103,$75.50,$75.515,$72.00
08/27/2021,$75.07,228337,$74.75,$77.50,$74.03
08/26/2021,$74.00,280823,$74.09,$76.25,$73.48
08/25/2021,$74.08,298400,$74.40,$75.00,$72.4247
08/24/2021,$74.44,488613,$72.21,$74.685,$70.46
08/23/2021,$72.64,2053879,$73.39,$77.91,$70.25
08/20/2021,$62.58,130884,$59.52,$62.87,$58.8802
08/19/2021,$59.59,333180,$66.47,$67.40,$59.37
08/18/2021,$67.27,190173,$68.78,$69.07,$66.3001
08/17/2021,$68.49,142660,$65.34,$68.75,$64.53
08/16/2021,$66.06,227754,$66.26,$67.2203,$65.00
08/13/2021,$66.66,168024,$66.95,$67.26,$64.925
08/12/2021,$66.41,166243,$65.37,$66.65,$63.81
08/11/2021,$65.67,322658,$65.15,$65.93,$62.94
08/10/2021,$65.00,183308,$65.46,$65.46,$63.815
08/09/2021,$65.30,621374,$65.85,$66.00,$64.21
08/06/2021,$66.50,390221,$65.67,$67.00,$63.89
08/05/2021,$66.72,634785,$62.63,$67.15,$62.345
08/04/2021,$64.06,431152,$60.49,$64.25,$60.49
08/03/2021,$61.51,422866,$60.57,$62.01,$59.58
08/02/2021,$61.14,432519,$57.95,$62.23,$57.95
07/30/2021,$58.56,197079,$58.55,$60.00,$57.085
07/29/2021,$59.45,482360,$57.89,$59.64,$56.325
07/28/2021,$58.22,254565,$55.83,$58.27,$55.83
07/27/2021,$56.36,398658,$56.18,$57.33,$55.42
07/26/2021,$57.65,745314,$59.71,$61.425,$57.08
07/23/2021,$59.99,248191,$59.94,$60.955,$57.39
07/22/2021,$59.94,140414,$58.09,$60.70,$56.65
07/21/2021,$58.38,114714,$57.41,$58.61,$55.675
07/20/2021,$56.31,127106,$55.18,$56.41,$54.85
07/19/2021,$55.06,217860,$53.00,$55.605,$53.00
07/16/2021,$54.50,111532,$53.22,$55.09,$52.50
07/15/2021,$52.51,100520,$53.01,$53.8575,$51.09
07/14/2021,$52.99,105429,$54.79,$54.79,$52.5159
07/13/2021,$54.66,93895,$54.87,$55.23,$53.40
07/12/2021,$54.77,92854,$56.47,$57.505,$54.595
07/09/2021,$56.47,140087,$55.85,$56.505,$53.75
07/08/2021,$55.32,166066,$52.42,$56.4244,$52.0101
07/07/2021,$54.39,455409,$61.79,$62.00,$53.68
07/06/2021,$61.32,1451980,$67.50,$70.00,$60.75
07/02/2021,$55.90,103808,$55.96,$56.56,$54.0801
07/01/2021,$55.97,128479,$54.77,$56.095,$54.0786
06/30/2021,$54.68,165515,$53.285,$55.20,$52.182
06/29/2021,$52.83,159180,$53.99,$54.21,$51.94
06/28/2021,$53.35,155625,$57.69,$57.69,$53.24
06/25/2021,$57.24,384119,$55.22,$57.87,$54.31
06/24/2021,$55.14,140489,$54.27,$56.625,$53.43
06/23/2021,$53.96,150377,$56.57,$58.08,$53.02
06/22/2021,$56.87,149316,$58.94,$59.055,$55.79
06/21/2021,$59.07,202916,$59.20,$59.39,$57.31
06/18/2021,$59.29,580518,$60.14,$60.14,$56.71
06/17/2021,$60.31,168706,$59.34,$61.12,$58.01
06/16/2021,$59.43,169906,$58.31,$59.89,$57.03
06/15/2021,$57.81,145909,$60.17,$60.17,$56.81
06/14/2021,$60.17,243044,$60.07,$62.59,$59.35
06/11/2021,$59.66,119125,$61.18,$61.18,$59.00
06/10/2021,$61.02,151085,$59.67,$61.95,$58.27
06/09/2021,$59.93,158324,$59.36,$61.175,$58.83
06/08/2021,$58.97,164512,$60.30,$61.14,$56.69
06/07/2021,$58.84,441800,$55.66,$59.81,$54.39
06/04/2021,$54.86,87969,$55.47,$56.40,$54.56
06/03/2021,$55.09,88166,$55.37,$56.465,$54.97
06/02/2021,$55.85,152260,$56.58,$56.83,$54.945
06/01/2021,$56.33,131861,$56.84,$57.735,$54.83
05/28/2021,$56.56,162231,$56.66,$58.17,$54.89
05/27/2021,$56.45,185691,$55.65,$57.36,$55.32
05/26/2021,$55.01,131925,$52.83,$55.84,$52.62
05/25/2021,$52.20,170901,$54.53,$55.48,$51.92
05/24/2021,$53.90,115147,$55.02,$55.66,$52.78
05/21/2021,$54.51,206010,$57.96,$59.11,$53.35
05/20/2021,$56.89,169933,$54.95,$58.40,$54.40
05/19/2021,$55.54,336657,$54.52,$57.04,$53.82
05/18/2021,$55.79,283085,$50.05,$57.775,$49.25
05/17/2021,$54.79,86193,$54.59,$56.76,$53.7704
05/14/2021,$55.40,143212,$53.06,$56.40,$52.80
05/13/2021,$52.59,170537,$54.81,$57.67,$52.00
05/12/2021,$54.68,246109,$59.72,$61.61,$54.14
05/11/2021,$60.60,161725,$60.03,$64.17,$59.25
05/10/2021,$61.71,184144,$64.56,$64.56,$60.26
05/07/2021,$64.98,127388,$63.81,$66.33,$63.72
05/06/2021,$62.80,215269,$62.96,$64.88,$61.06
05/05/2021,$62.59,227685,$63.20,$64.40,$61.00
05/04/2021,$62.53,237693,$62.37,$64.99,$60.05
05/03/2021,$62.83,152289,$63.77,$63.77,$61.3901
04/30/2021,$62.66,408262,$68.33,$69.00,$60.63
04/29/2021,$71.66,237503,$70.00,$75.35,$67.99
04/28/2021,$69.33,149282,$65.61,$69.99,$65.1133
04/27/2021,$66.30,122069,$68.00,$68.44,$65.63
04/26/2021,$67.45,99310,$64.16,$67.65,$62.435
04/23/2021,$62.87,161879,$63.63,$63.98,$61.59
04/22/2021,$62.66,264783,$57.59,$64.41,$57.3101
04/21/2021,$58.00,122134,$54.97,$58.29,$53.91
04/20/2021,$54.44,231359,$56.57,$58.23,$53.59
04/19/2021,$56.46,133860,$60.18,$61.245,$56.10
04/16/2021,$60.73,75860,$60.58,$61.89,$59.6175
04/15/2021,$60.35,154747,$60.47,$62.48,$59.00
04/14/2021,$59.80,303403,$57.54,$60.71,$57.00
04/13/2021,$57.09,191265,$58.44,$59.5322,$55.75
04/12/2021,$57.95,145861,$63.77,$63.82,$57.74
04/09/2021,$63.77,199984,$71.58,$71.935,$63.50
04/08/2021,$72.18,67969,$69.27,$73.28,$69.27
04/07/2021,$69.18,117349,$74.45,$75.69,$69.17
04/06/2021,$74.61,145390,$76.75,$77.24,$73.60
04/05/2021,$75.23,109553,$75.91,$76.50,$74.08
04/01/2021,$74.18,158908,$74.43,$77.55,$73.80
03/31/2021,$73.74,188317,$68.65,$74.98,$68.65
03/30/2021,$68.32,187288,$66.75,$68.70,$65.145
03/29/2021,$66.21,149919,$66.93,$68.355,$65.57
03/26/2021,$65.80,200629,$67.63,$68.97,$63.73
03/25/2021,$67.76,271542,$61.26,$68.51,$61.19
03/24/2021,$62.84,178856,$65.11,$66.42,$62.17
03/23/2021,$65.09,329353,$69.03,$69.03,$63.56
03/22/2021,$69.93,460334,$64.05,$70.97,$63.215
03/19/2021,$63.07,2586240,$72.02,$72.13,$60.775
03/18/2021,$72.86,335964,$80.56,$80.56,$72.305
03/17/2021,$80.76,316821,$78.22,$81.38,$75.53
03/16/2021,$78.59,253114,$78.51,$79.46,$76.28
03/15/2021,$76.78,235881,$77.91,$82.99,$75.93
03/12/2021,$77.15,209068,$76.08,$78.975,$74.95
03/11/2021,$76.33,307206,$75.49,$80.26,$74.68
03/10/2021,$74.39,188875,$72.76,$77.64,$72.10
03/09/2021,$73.54,182994,$71.89,$76.54,$71.12
03/08/2021,$69.59,256373,$71.87,$76.73,$69.31
03/05/2021,$68.62,464042,$82.80,$82.80,$65.87
03/04/2021,$81.22,250155,$83.41,$84.00,$78.15
03/03/2021,$83.86,191496,$83.11,$85.96,$81.42
03/02/2021,$83.34,279154,$87.50,$88.00,$81.81
03/01/2021,$87.68,296811,$80.86,$88.55,$80.27
02/26/2021,$80.29,164609,$82.54,$85.00,$78.00
02/25/2021,$82.67,279115,$76.29,$84.20,$76.25
02/24/2021,$76.75,130243,$76.05,$77.85,$75.185
02/23/2021,$75.58,222392,$76.13,$77.04,$73.86
02/22/2021,$76.72,489638,$86.36,$87.49,$75.08
02/19/2021,$87.55,239111,$86.15,$89.04,$85.12
02/18/2021,$85.99,192739,$84.24,$87.135,$78.40
02/17/2021,$85.07,312015,$80.84,$88.00,$80.12
02/16/2021,$81.54,266829,$82.42,$82.42,$78.57
02/12/2021,$81.77,153661,$80.84,$82.21,$79.08
02/11/2021,$80.93,208130,$83.34,$84.36,$79.00
02/10/2021,$80.42,79421,$85.75,$85.75,$79.24
02/09/2021,$82.18,134924,$85.33,$86.02,$80.06
02/08/2021,$84.70,474172,$80.00,$87.50,$77.99
02/05/2021,$80.12,119647,$80.45,$80.45,$77.54
02/04/2021,$79.97,122046,$77.77,$80.09,$76.01
02/03/2021,$77.25,85036,$80.07,$80.27,$75.54
02/02/2021,$79.64,153740,$81.97,$81.97,$78.78
02/01/2021,$81.01,279410,$80.00,$82.6474,$78.00
01/29/2021,$79.25,250418,$75.00,$79.72,$73.77
01/28/2021,$77.64,293059,$79.00,$81.405,$77.45
01/27/2021,$79.60,247347,$79.70,$82.55,$74.41
01/26/2021,$80.96,245542,$81.44,$84.50,$79.70
01/25/2021,$81.44,144555,$81.76,$82.97,$79.34
01/22/2021,$81.47,113895,$80.12,$82.91,$77.09
01/21/2021,$80.99,117848,$83.43,$83.43,$79.00
01/20/2021,$82.42,77959,$84.06,$86.2428,$81.77
01/19/2021,$83.87,128176,$83.09,$85.995,$82.05
01/15/2021,$83.33,111933,$82.79,$84.98,$81.23
01/14/2021,$83.01,224469,$82.17,$85.91,$81.87
01/13/2021,$82.17,433164,$83.86,$84.28,$77.51
01/12/2021,$86.20,85866,$86.54,$88.80,$83.0014
01/11/2021,$85.97,69783,$84.94,$88.70,$82.8475
01/08/2021,$86.00,114053,$83.95,$87.51,$80.80
01/07/2021,$83.95,150213,$87.29,$90.815,$80.81
01/06/2021,$87.47,102954,$87.63,$91.52,$84.97
01/05/2021,$85.82,111300,$81.90,$89.99,$80.70
01/04/2021,$80.82,102444,$86.31,$86.8351,$79.10
12/31/2020,$86.20,73259,$88.15,$88.15,$84.01
12/30/2020,$88.15,67660,$84.89,$89.74,$84.08
12/29/2020,$84.39,205410,$83.70,$84.84,$77.19
12/28/2020,$83.70,115368,$88.86,$89.875,$83.39
12/24/2020,$88.64,30116,$91.03,$93.91,$88.09
12/23/2020,$90.53,139685,$92.10,$92.10,$87.59
12/22/2020,$92.64,161059,$84.31,$95.91,$83.80
12/21/2020,$83.46,154448,$82.55,$83.64,$81.13
12/18/2020,$83.16,1008786,$91.09,$97.15,$82.08
12/17/2020,$90.30,191668,$87.00,$91.345,$86.0656
12/16/2020,$87.00,276808,$83.99,$90.43,$82.31
12/15/2020,$81.05,254592,$81.54,$81.90,$77.76
12/14/2020,$80.00,294014,$81.92,$81.92,$78.62
12/11/2020,$80.40,890630,$110.00,$110.00,$77.55
12/10/2020,$112.26,1041901,$80.70,$117.45,$80.02
12/09/2020,$81.73,222048,$74.49,$83.99,$73.02
12/08/2020,$73.60,328680,$67.32,$75.40,$66.75
12/07/2020,$70.21,97477,$72.36,$74.2056,$66.91
12/04/2020,$73.22,78576,$73.28,$74.838,$72.17
12/03/2020,$72.90,68834,$77.93,$79.11,$71.61
12/02/2020,$77.16,106960,$75.54,$79.59,$74.31
12/01/2020,$75.40,103382,$77.58,$82.63,$74.59
11/30/2020,$76.93,210327,$68.80,$78.00,$67.59
11/27/2020,$68.51,79750,$69.14,$70.4255,$68.00
11/25/2020,$67.87,200065,$74.23,$74.6483,$67.10
11/24/2020,$75.21,181281,$81.90,$88.7159,$74.74
11/23/2020,$82.28,258771,$75.39,$88.90,$75.39
11/20/2020,$73.94,169471,$70.29,$77.6776,$68.40
11/19/2020,$70.64,190749,$65.31,$73.21,$64.98
11/18/2020,$64.50,90174,$64.80,$68.4227,$62.09
11/17/2020,$65.58,246711,$53.87,$69.79,$51.675
11/16/2020,$53.32,60601,$51.55,$54.04,$51.39
11/13/2020,$50.78,119862,$52.76,$57.76,$50.39
11/12/2020,$51.81,95218,$48.31,$52.23,$47.44
11/11/2020,$48.71,146430,$48.00,$49.54,$47.81
11/10/2020,$47.68,59111,$47.42,$49.00,$46.49
11/09/2020,$46.59,232410,$48.00,$49.23,$46.18
11/06/2020,$46.00,65491,$45.67,$47.04,$44.37
11/05/2020,$45.22,124418,$44.03,$46.095,$43.03
11/04/2020,$43.79,110559,$41.82,$44.76,$41.34
11/03/2020,$42.00,139796,$40.46,$42.97,$39.11
11/02/2020,$40.22,95536,$39.67,$41.30,$38.57
10/30/2020,$39.51,47620,$39.89,$40.74,$38.09
10/29/2020,$39.93,32420,$39.94,$40.66,$39.30
10/28/2020,$40.14,80083,$40.06,$40.75,$38.7576
10/27/2020,$40.81,105750,$41.53,$42.68,$40.49
10/26/2020,$41.56,54656,$41.65,$42.31,$40.01
10/23/2020,$41.76,53041,$42.00,$42.37,$40.65
10/22/2020,$41.00,55567,$42.72,$44.5929,$40.68
10/21/2020,$42.69,143207,$43.46,$46.6333,$42.01
10/20/2020,$43.18,119353,$41.73,$43.50,$38.55
10/19/2020,$41.57,118219,$44.09,$44.69,$41.32
10/16/2020,$43.10,601615,$39.05,$45.25,$38.01
10/15/2020,$39.10,201455,$37.09,$39.72,$36.61
10/14/2020,$37.43,167787,$36.50,$39.37,$36.335
10/13/2020,$36.20,98413,$35.85,$36.7535,$35.7103
10/12/2020,$36.40,43958,$36.23,$36.56,$35.55
10/09/2020,$35.66,61170,$36.55,$36.9799,$35.15
10/08/2020,$36.25,92045,$36.55,$36.825,$34.91
10/07/2020,$36.15,373134,$36.62,$37.115,$35.29
10/06/2020,$36.20,207754,$35.15,$36.49,$34.31
10/05/2020,$34.79,113244,$34.99,$35.885,$33.00
10/02/2020,$34.63,101977,$33.54,$35.46,$32.51
10/01/2020,$34.11,548781,$37.78,$38.1167,$33.365
09/30/2020,$37.74,84590,$38.37,$38.9705,$36.365
09/29/2020,$38.26,83082,$39.68,$42.34,$37.78
09/28/2020,$39.78,83342,$39.37,$41.50,$38.995
09/25/2020,$39.07,80242,$39.29,$40.595,$37.71
09/24/2020,$39.22,136898,$39.20,$39.47,$36.66
09/23/2020,$39.29,97361,$37.05,$39.97,$36.415
09/22/2020,$37.08,218828,$37.68,$38.6957,$36.29
09/21/2020,$37.14,213810,$37.00,$37.7361,$34.19
09/18/2020,$37.36,1623884,$38.56,$39.93,$36.51
09/17/2020,$38.22,246343,$39.52,$40.225,$38.02
09/16/2020,$39.74,408035,$39.56,$41.45,$38.995
09/15/2020,$39.06,126654,$39.62,$43.84,$38.12
09/14/2020,$39.24,109227,$39.89,$41.805,$38.14
09/11/2020,$39.43,90496,$40.54,$42.79,$37.43
09/10/2020,$40.35,90103,$43.46,$44.49,$39.57
09/09/2020,$42.56,129224,$44.41,$48.20,$42.40
09/08/2020,$43.84,116229,$42.50,$44.70,$41.58
09/04/2020,$42.99,64340,$41.49,$44.50,$41.49
09/03/2020,$41.70,53997,$44.16,$44.20,$41.33
09/02/2020,$44.16,68800,$41.69,$45.45,$41.10
09/01/2020,$41.75,90514,$40.34,$43.44,$39.08
08/31/2020,$40.44,193831,$44.59,$47.5738,$38.12
08/28/2020,$44.25,53170,$45.50,$45.50,$43.5802
08/27/2020,$44.08,36748,$43.05,$45.21,$42.76
08/26/2020,$43.39,37626,$44.74,$45.50,$43.08
08/25/2020,$43.97,58559,$43.75,$45.50,$42.265
08/24/2020,$43.63,116516,$45.06,$45.9847,$41.30
08/21/2020,$45.07,116445,$43.91,$46.8854,$42.535
08/20/2020,$43.76,94437,$45.06,$47.80,$43.2542
08/19/2020,$44.46,125714,$42.99,$51.9998,$41.53
08/18/2020,$42.85,147749,$46.35,$49.11,$40.06
08/17/2020,$47.10,77789,$44.64,$48.4346,$44.64
08/14/2020,$45.44,85462,$44.24,$47.045,$42.855
08/13/2020,$44.01,88865,$43.33,$47.805,$43.12
08/12/2020,$42.88,130448,$41.84,$47.77,$40.8858
08/11/2020,$41.02,115698,$43.50,$44.6899,$40.62
08/10/2020,$43.36,90006,$44.76,$45.06,$42.89
08/07/2020,$44.19,67977,$43.90,$44.4999,$41.50
08/06/2020,$43.96,89598,$42.77,$44.69,$40.6995
08/05/2020,$43.26,61401,$37.62,$50.00,$36.51
08/04/2020,$38.00,51229,$36.74,$38.70,$36.52
08/03/2020,$36.42,270066,$32.46,$37.58,$30.06
07/31/2020,$32.70,25042,$32.63,$32.92,$30.76
07/30/2020,$32.46,87061,$31.75,$33.50,$31.75
07/29/2020,$31.65,71111,$32.29,$33.115,$29.06
07/28/2020,$32.60,35862,$29.30,$32.91,$29.30
07/27/2020,$29.90,98126,$30.24,$30.395,$29.50
07/24/2020,$30.25,72117,$29.24,$30.86,$29.095
07/23/2020,$29.70,72035,$29.34,$30.25,$28.01
07/22/2020,$29.36,170041,$30.91,$31.34,$29.14
07/21/2020,$30.77,483132,$32.25,$32.49,$28.25
07/20/2020,$30.33,455524,$30.44,$32.99,$29.25
07/17/2020,$30.00,1594878,$36.50,$37.577,$29.02
